# Blender 5.0.0
# www.blender.org
mtllib Saturn.mtl
o Sphere
v -0.606549 3.844080 0.803752
v -0.587815 3.726292 -1.910460
v -0.461024 2.929137 -3.414037
v -0.263331 1.686201 -4.398808
v -0.146997 0.954782 -4.645979
v -0.024832 0.186710 -4.714848
v 0.218163 -1.341051 -4.314044
v 0.615956 -3.842053 -0.816217
v -0.445695 3.981066 -0.099589
v -0.267533 3.965100 -0.999342
v -0.078908 3.796796 -1.860930
v 0.112930 3.482623 -2.651243
v 0.300608 3.034653 -3.339911
v 0.476915 2.470103 -3.900467
v 0.635076 1.810666 -4.311369
v 0.769011 1.081686 -4.556828
v 0.873574 0.311176 -4.627409
v 0.944748 -0.471254 -4.520401
v 0.979796 -1.235534 -4.239917
v 0.977371 -1.952295 -3.796735
v 0.937568 -2.593991 -3.207885
v 0.861915 -3.135962 -2.495998
v 0.753320 -3.557381 -1.688430
v -0.272721 3.997722 -0.048079
v 0.071768 3.997771 -0.898303
v 0.413680 3.844227 -1.714244
v 0.739876 3.542992 -2.464547
v 1.037819 3.105640 -3.120379
v 1.296060 2.548979 -3.656536
v 1.504675 1.894400 -4.052413
v 1.655647 1.167060 -4.292799
v 1.743174 0.394910 -4.368454
v 1.763892 -0.392378 -4.276472
v 1.717006 -1.164548 -4.020385
v 1.604318 -1.891926 -3.610039
v 1.430156 -2.546559 -3.061198
v 1.201216 -3.103290 -2.394959
v 0.926294 -3.540725 -1.636921
v -0.112125 4.005635 0.035567
v 0.386790 4.013294 -0.734224
v 0.871021 3.866764 -1.476038
v 1.321959 3.571675 -2.161369
v 1.722277 3.139367 -2.763879
v 2.056589 2.586454 -3.260414
v 2.312048 1.934185 -3.631894
v 2.478838 1.207624 -3.864041
v 2.550547 0.434694 -3.947934
v 2.524421 -0.354902 -3.880350
v 2.401464 -1.130821 -3.663885
v 2.186401 -1.863243 -3.306860
v 1.887497 -2.524023 -2.822993
v 1.516237 -3.087767 -2.230880
v 1.086890 -3.532812 -1.553274
v 0.029923 4.004502 0.148137
v 0.665426 4.011072 -0.513411
v 1.275538 3.863538 -1.155468
v 1.836812 3.567569 -1.753360
v 2.327679 3.134540 -2.284111
v 2.729276 2.581091 -2.727325
v 3.026169 1.928491 -3.065969
v 3.206949 1.201819 -3.287028
v 3.264668 0.429000 -3.382009
v 3.197109 -0.360265 -3.347260
v 3.006867 -1.135647 -3.184117
v 2.701254 -1.867348 -2.898851
v 2.292014 -2.527248 -2.502422
v 1.794873 -3.089989 -2.010067
v 1.228938 -3.533944 -1.440705
v 0.147962 3.994367 0.285303
v 0.896969 3.991191 -0.244349
v 1.611686 3.834676 -0.764851
v 2.264647 3.530834 -1.256200
v 2.830760 3.091344 -1.699512
v 3.288270 2.533094 -2.077754
v 3.619594 1.877537 -2.376387
v 3.812000 1.149867 -2.583937
v 3.858093 0.378047 -2.692427
v 3.756103 -0.408262 -2.697689
v 3.509948 -1.178844 -2.599518
v 3.129089 -1.904083 -2.401691
v 2.628162 -2.556111 -2.111806
v 2.026417 -3.109870 -1.741005
v 1.346978 -3.544080 -1.303539
v 0.237458 3.975619 0.441795
v 1.072520 3.954415 0.062620
v 1.866547 3.781284 -0.319200
v 2.589025 3.462880 -0.688993
v 3.212188 3.011438 -1.032548
v 3.712089 2.444308 -1.336663
v 4.069518 1.783282 -1.589649
v 4.270738 1.053765 -1.781786
v 4.308016 0.283792 -1.905689
v 4.179922 -0.497049 -1.956598
v 3.891375 -1.258749 -1.932554
v 3.453466 -1.972037 -1.834484
v 2.883023 -2.609502 -1.666155
v 2.201968 -3.146646 -1.434035
v 1.436473 -3.562828 -1.147047
v 0.294970 3.948978 0.611599
v 1.185334 3.902156 0.395702
v 2.030328 3.705417 0.164360
v 2.797477 3.366319 -0.073539
v 3.457302 2.897894 -0.308850
v 3.984446 2.318144 -0.532533
v 4.358651 1.649348 -0.735989
v 4.565535 0.917207 -0.911401
v 4.597150 0.149857 -1.052029
v 4.452279 -0.623212 -1.152468
v 4.136490 -1.372293 -1.208856
v 3.661919 -2.068599 -1.219030
v 3.046804 -2.685370 -1.182595
v 2.314782 -3.198905 -1.100954
v 1.493985 -3.589469 -0.977243
v 0.318288 3.915467 0.788188
v 1.231075 3.836424 0.742096
v 2.096733 3.609988 0.667245
v 2.881996 3.244861 0.566513
v 3.556685 2.755075 0.443771
v 4.094875 2.159452 0.303735
v 4.475881 1.480881 0.151788
v 4.685061 0.745440 -0.006232
v 4.714379 -0.018609 -0.164252
v 4.562708 -0.781904 -0.316200
v 4.235873 -1.515112 -0.456235
v 3.746438 -2.190056 -0.578978
v 3.113209 -2.780799 -0.679710
v 2.360523 -3.264638 -0.754560
v 1.517303 -3.622980 -0.800653
v 0.306517 3.876376 0.964778
v 1.207985 3.759743 1.088489
v 2.063212 3.498666 1.170130
v 2.839331 3.103175 1.206564
v 3.506517 2.588470 1.196392
v 4.039131 1.974330 1.140003
v 4.416703 1.284356 1.039565
v 4.624725 0.545065 0.898938
v 4.655202 -0.215134 0.723525
v 4.506964 -0.967026 0.520067
v 4.185705 -1.681718 0.296386
v 3.703773 -2.331743 0.061074
v 3.079688 -2.892121 -0.176824
v 2.337433 -3.341318 -0.408167
v 1.505532 -3.662071 -0.624063
v 0.260109 3.833206 1.134582
v 1.116952 3.675063 1.421571
v 1.931052 3.375728 1.653690
v 2.671124 2.946705 1.822019
v 3.308726 2.404480 1.920090
v 3.819357 1.769892 1.944133
v 4.183393 1.067326 1.893225
v 4.386843 0.323783 1.769322
v 4.421892 -0.432165 1.577185
v 4.287190 -1.171465 1.324198
v 3.987913 -1.865707 1.020083
v 3.535566 -2.488213 0.676528
v 2.947528 -3.015059 0.306735
v 2.246400 -3.425999 -0.075085
v 1.459124 -3.705241 -0.454260
v 0.180847 3.787616 1.291073
v 0.961474 3.585634 1.728540
v 1.705332 3.245898 2.099341
v 2.383837 2.781463 2.389225
v 2.970912 2.210177 2.587054
v 3.443999 1.553994 2.685224
v 3.784914 0.838130 2.679963
v 3.980558 0.090096 2.571472
v 4.023414 -0.661361 2.363923
v 3.911831 -1.387363 2.065288
v 3.650100 -2.060010 1.687047
v 3.248279 -2.653454 1.243735
v 2.721808 -3.144888 0.752386
v 2.090921 -3.515427 0.231885
v 1.379862 -3.750831 -0.297768
v 0.071776 3.741358 1.428239
v 0.747525 3.494896 1.997602
v 1.394727 3.114167 2.489957
v 1.988512 2.613801 2.886386
v 2.506059 2.013027 3.171652
v 2.927481 1.334933 3.334795
v 3.236582 0.605576 3.369544
v 3.421483 -0.147014 3.274563
v 3.475081 -0.893914 3.053504
v 3.395314 -1.606423 2.714859
v 3.185246 -2.257160 2.271646
v 2.852954 -2.821116 1.740895
v 2.411202 -3.276619 1.143003
v 1.876972 -3.606164 0.500946
v 1.270792 -3.797089 -0.160602
v -0.062910 3.696210 1.540809
v 0.483328 3.406336 2.218415
v 1.011173 2.985597 2.810528
v 1.500340 2.450162 3.294395
v 1.932029 1.820608 3.651420
v 2.289654 1.121128 3.867885
v 2.559468 0.378602 3.935468
v 2.731103 -0.378435 3.851575
v 2.797967 -1.120889 3.619428
v 2.757487 -1.820229 3.247949
v 2.611217 -2.449579 2.751414
v 2.364781 -2.984755 2.148904
v 2.027648 -3.405190 1.463573
v 1.612776 -3.694726 0.721759
v 1.136105 -3.842237 -0.048033
v -0.218037 3.653907 1.624455
v 0.179036 3.323355 2.382493
v 0.569409 2.865128 3.048733
v 0.938081 2.296834 3.597574
v 1.270883 1.640313 4.007920
v 1.555028 0.920794 4.264006
v 1.779593 0.165929 4.355989
v 1.935950 -0.595274 4.280333
v 2.018092 -1.333561 4.039948
v 2.022860 -2.020562 3.644070
v 1.950071 -2.629875 3.107913
v 1.802523 -3.138084 2.452082
v 1.585885 -3.525659 1.701779
v 1.308483 -3.777706 0.885837
v 0.980978 -3.884540 0.035614
v -0.387642 3.616075 1.675965
v -0.153658 3.249144 2.483533
v 0.086412 2.757389 3.195419
v 0.323343 2.159708 3.784269
v 0.548028 1.479071 4.227451
v 0.751834 0.741632 4.507936
v 0.926927 -0.024269 4.614943
v 1.066579 -0.789198 4.544361
v 1.165426 -1.523759 4.298903
v 1.219667 -2.199724 3.888001
v 1.227216 -2.791117 3.327444
v 1.187785 -3.275209 2.638778
v 1.102888 -3.633398 1.848464
v 0.975790 -3.851918 0.986877
v 0.811373 -3.922372 0.087123
v -0.565209 3.584166 1.693357
v -0.501968 3.186553 2.517649
v -0.419255 2.666522 3.244948
v -0.320250 2.044056 3.847309
v -0.208757 1.343078 4.301578
v -0.089060 0.590525 4.590301
v 0.034238 -0.184683 4.702382
v 0.156402 -0.952754 4.633512
v 0.272737 -1.684173 4.386342
v 0.378772 -2.350831 3.970365
v 0.470430 -2.927109 3.401571
v 0.544192 -3.390861 2.701818
v 0.597221 -3.724265 1.897994
v 0.627480 -3.914509 1.020993
v 0.633806 -3.954281 0.104516
v -0.743913 3.559408 1.675965
v -0.852509 3.137989 2.483532
v -0.928162 2.596018 3.195419
v -0.967965 1.954322 3.784269
v -0.970389 1.237561 4.227451
v -0.935341 0.473281 4.507936
v -0.864168 -0.309148 4.614943
v -0.759605 -1.079658 4.544360
v -0.625669 -1.808639 4.298903
v -0.467508 -2.468076 3.888000
v -0.291202 -3.032626 3.327444
v -0.103523 -3.480596 2.638778
v 0.088314 -3.794769 1.848464
v 0.276939 -3.963073 0.986877
v 0.455102 -3.979038 0.087123
v -0.916887 3.542753 1.624455
v -1.191809 3.105318 2.382493
v -1.420750 2.548586 3.048732
v -1.594911 1.893953 3.597573
v -1.707600 1.166575 4.007919
v -1.754485 0.394405 4.264006
v -1.733767 -0.392883 4.355988
v -1.646241 -1.165033 4.280331
v -1.495268 -1.892373 4.039948
v -1.286652 -2.546951 3.644070
v -1.028412 -3.103612 3.107913
v -0.730469 -3.540965 2.452082
v -0.404274 -3.842200 1.701777
v -0.062362 -3.995744 0.885837
v 0.282128 -3.995694 0.035614
v -1.077484 3.534839 1.540809
v -1.506831 3.089794 2.218414
v -1.878090 2.526050 2.810527
v -2.176995 1.865270 3.294395
v -2.392058 1.132848 3.651419
v -2.515014 0.356929 3.867884
v -2.541141 -0.432667 3.935467
v -2.469431 -1.205596 3.851572
v -2.302642 -1.932157 3.619427
v -2.047182 -2.584427 3.247948
v -1.712870 -3.137340 2.751413
v -1.312553 -3.569648 2.148904
v -0.861614 -3.864736 1.463572
v -0.377383 -4.011267 0.721758
v 0.121532 -4.003609 -0.048033
v -1.219531 3.535972 1.428239
v -1.785467 3.092016 1.997602
v -2.282606 2.529276 2.489956
v -2.691847 1.869375 2.886386
v -2.997460 1.137675 3.171651
v -3.187701 0.362293 3.334794
v -3.255261 -0.426973 3.369542
v -3.197541 -1.199791 3.274560
v -3.016762 -1.926463 3.053502
v -2.719868 -2.579063 2.714859
v -2.318272 -3.132513 2.271645
v -1.827405 -3.565542 1.740895
v -1.266130 -3.861511 1.143001
v -0.656019 -4.009046 0.500946
v -0.020516 -4.002475 -0.160602
v -1.337571 3.546107 1.291073
v -2.017009 3.111897 1.728540
v -2.618754 2.558139 2.099340
v -3.119682 1.906110 2.389225
v -3.500541 1.180871 2.587052
v -3.746695 0.410290 2.685223
v -3.848686 -0.376019 2.679961
v -3.802591 -1.147839 2.571469
v -3.610186 -1.875510 2.363921
v -3.278862 -2.531066 2.065288
v -2.821353 -3.089316 1.687046
v -2.255240 -3.528807 1.243734
v -1.602278 -3.832649 0.752385
v -0.887562 -3.989164 0.231884
v -0.138555 -3.992340 -0.297768
v -1.427066 3.564855 1.134581
v -2.192561 3.148674 1.421570
v -2.873616 2.611530 1.653689
v -3.444059 1.974064 1.822019
v -3.881968 1.260777 1.920089
v -4.170514 0.499076 1.944133
v -4.298609 -0.281764 1.893223
v -4.261329 -1.051737 1.769318
v -4.060110 -1.781255 1.577183
v -3.702682 -2.442280 1.324198
v -3.202780 -3.009411 1.020082
v -2.579618 -3.460853 0.676528
v -1.857139 -3.779257 0.306734
v -1.063113 -3.952388 -0.075086
v -0.228051 -3.973592 -0.454260
v -1.484578 3.591497 0.964778
v -2.305375 3.200932 1.088489
v -3.037396 2.687397 1.170129
v -3.652512 2.070626 1.206564
v -4.127082 1.374321 1.196391
v -4.442871 0.625239 1.140002
v -4.587741 -0.147830 1.039563
v -4.556125 -0.915179 0.898934
v -4.349243 -1.647321 0.723523
v -3.975038 -2.316117 0.520067
v -3.447894 -2.895867 0.296384
v -2.788070 -3.364292 0.061073
v -2.020919 -3.703389 -0.176826
v -1.175927 -3.900129 -0.408167
v -0.285563 -3.946950 -0.624064
v -1.507896 3.625007 0.788188
v -2.351116 3.266665 0.742095
v -3.103801 2.782826 0.667244
v -3.737031 2.192083 0.566513
v -4.226465 1.517139 0.443770
v -4.553299 0.783931 0.303735
v -4.704971 0.020636 0.151786
v -4.675652 -0.743412 -0.006235
v -4.466473 -1.478854 -0.164254
v -4.085466 -2.157425 -0.316200
v -3.547277 -2.753048 -0.456236
v -2.872589 -3.242834 -0.578978
v -2.087325 -3.607961 -0.679711
v -1.221668 -3.834397 -0.754561
v -0.308881 -3.913440 -0.800653
v -1.496125 3.664098 0.611599
v -2.328026 3.343345 0.395702
v -3.070280 2.894148 0.164359
v -3.694366 2.333770 -0.073539
v -4.176296 1.683745 -0.308851
v -4.497555 0.969053 -0.532532
v -4.645793 0.217161 -0.735990
v -4.615315 -0.543037 -0.911403
v -4.407295 -1.282329 -1.052030
v -4.029723 -1.972303 -1.152468
v -3.497108 -2.586442 -1.208857
v -2.829924 -3.101148 -1.219030
v -2.053804 -3.496638 -1.182595
v -1.198578 -3.757717 -1.100954
v -0.297110 -3.874349 -0.977243
v -1.449717 3.707268 0.441795
v -2.236993 3.428026 0.062620
v -2.938120 3.017086 -0.319200
v -3.526159 2.490240 -0.688993
v -3.978505 1.867735 -1.032548
v -4.277781 1.173492 -1.336662
v -4.412483 0.434192 -1.589650
v -4.377433 -0.321755 -1.781787
v -4.173985 -1.065299 -1.905690
v -3.809950 -1.767865 -1.956598
v -3.299317 -2.402453 -1.932555
v -2.661717 -2.944678 -1.834484
v -1.921644 -3.373701 -1.666155
v -1.107545 -3.673036 -1.434036
v -0.250702 -3.831179 -1.147046
v -1.370455 3.752857 0.285303
v -2.081514 3.517454 -0.244349
v -2.712400 3.146915 -0.764851
v -3.238872 2.655481 -1.256200
v -3.640692 2.062038 -1.699512
v -3.902424 1.389390 -2.077753
v -4.014005 0.663388 -2.376387
v -3.971148 -0.088069 -2.583937
v -3.775506 -0.836103 -2.692428
v -3.434591 -1.551967 -2.697688
v -2.961504 -2.208150 -2.599519
v -2.374430 -2.779437 -2.401690
v -1.695924 -3.243871 -2.111805
v -0.952066 -3.583608 -1.741005
v -0.171439 -3.785589 -1.303538
v -1.261385 3.799115 0.148137
v -1.867566 3.608192 -0.513410
v -2.401795 3.278646 -1.155467
v -2.843547 2.823143 -1.753360
v -3.175838 2.259187 -2.284111
v -3.385906 1.608450 -2.727324
v -3.465673 0.895941 -3.065968
v -3.412074 0.149041 -3.287027
v -3.227174 -0.603549 -3.382008
v -2.918074 -1.332906 -3.347259
v -2.496651 -2.011000 -3.184117
v -1.979105 -2.611775 -2.898851
v -1.385319 -3.112140 -2.502422
v -0.738118 -3.492870 -2.010066
v -0.062370 -3.739331 -1.440704
v -1.126698 3.844264 0.035568
v -1.603369 3.696753 -0.734223
v -2.018240 3.407217 -1.476037
v -2.355374 2.986783 -2.161369
v -2.601809 2.451607 -2.763878
v -2.748079 1.822256 -3.260413
v -2.788559 1.122916 -3.631892
v -2.721694 0.380462 -3.864038
v -2.550060 -0.376575 -3.947932
v -2.280246 -1.119100 -3.880349
v -1.922621 -1.818581 -3.663884
v -1.490932 -2.448135 -3.306860
v -1.001764 -2.983570 -2.822992
v -0.473921 -3.404309 -2.230879
v 0.072317 -3.694183 -1.553274
v -0.971572 3.886567 -0.048079
v -1.299077 3.779733 -0.898302
v -1.576477 3.527686 -1.714242
v -1.793116 3.140111 -2.464547
v -1.940663 2.631902 -3.120377
v -2.013453 2.022589 -3.656534
v -2.008684 1.335588 -4.052412
v -1.926541 0.597300 -4.292795
v -1.770185 -0.163902 -4.368452
v -1.545620 -0.918767 -4.276470
v -1.261475 -1.638286 -4.020384
v -0.928674 -2.294806 -3.610038
v -0.560001 -2.863101 -3.061197
v -0.169629 -3.321328 -2.394958
v 0.227443 -3.651880 -1.636920
v -0.801966 3.924399 -0.099588
v -0.966383 3.853945 -0.999341
v -1.093481 3.635425 -1.860928
v -1.178378 3.277236 -2.651243
v -1.217808 2.793144 -3.339908
v -1.210260 2.201751 -3.900465
v -1.156018 1.525786 -4.311366
v -1.057171 0.791224 -4.556822
v -0.917520 0.026296 -4.627407
v -0.742427 -0.739605 -4.520399
v -0.538620 -1.477044 -4.239914
v -0.313936 -2.157682 -3.796734
v -0.077005 -2.755362 -3.207882
v 0.163064 -3.247116 -2.495997
v 0.397049 -3.614048 -1.688429
v -0.624399 3.956308 -0.116980
v -0.618073 3.916535 -1.033458
v -0.534785 3.392888 -2.714282
v -0.369365 2.352858 -3.982830
v 0.098467 -0.588498 -4.602765
v 0.329657 -2.042029 -3.859773
v 0.428662 -2.664495 -3.257412
v 0.511374 -3.184526 -2.530114
v 0.574616 -3.582139 -1.705822
v -0.206173 1.326837 -4.544113
v -0.086350 0.573486 -4.702893
v -0.358359 3.992266 -0.552089
v -0.174079 3.899666 -1.437006
v 0.017070 3.657247 -2.266930
v 0.207742 3.274326 -3.009973
v 0.390610 2.765619 -3.637581
v 0.558647 2.150676 -4.125638
v 0.705397 1.453126 -4.455393
v 0.825220 0.699775 -4.614173
v 0.913512 -0.080429 -4.595877
v 0.966880 -0.857506 -4.401209
v 0.983273 -1.601595 -4.037647
v 0.962062 -2.284103 -3.519160
v 0.904059 -2.878803 -2.865671
v 0.811495 -3.362840 -2.102289
v 0.312489 1.023156 -4.623638
v 0.186719 1.756546 -4.375338
v 0.426321 0.250119 -4.692840
v -0.333863 3.767165 -1.888542
v 0.600964 -1.292563 -4.291288
v -0.080485 2.991837 -3.388286
v -0.100984 4.017049 -0.475446
v 0.243873 3.939911 -1.312545
v 0.579535 3.711406 -2.099436
v 0.893105 3.340320 -2.805881
v 1.172533 2.840911 -3.404735
v 1.407081 2.232372 -3.872987
v 1.587738 1.538087 -4.192644
v 1.707561 0.784736 -4.351424
v 1.761946 0.001267 -4.343225
v 1.748803 -0.782214 -4.168363
v 1.668636 -1.535601 -3.833555
v 1.524527 -2.229944 -3.351665
v 1.322011 -2.838558 -2.741210
v 1.068870 -3.338057 -2.025646
v 1.032302 -3.121844 -2.447235
v 1.185633 -2.574101 -3.139251
v 1.074837 1.861131 -4.201335
v 0.890139 2.519870 -3.794103
v 0.839965 -3.549720 -1.662992
v 1.218172 1.129808 -4.446192
v -0.359275 3.990145 -0.073852
v 1.314440 0.354703 -4.518837
v -0.097950 3.984275 -0.949513
v 1.359892 -0.433565 -4.416584
v 0.167640 3.826221 -1.790286
v 1.352898 -1.204016 -4.143967
v 0.427437 3.521289 -2.564111
v 1.293962 -1.926729 -3.712363
v 0.671450 3.080384 -3.240965
v 0.137973 4.028824 -0.350985
v 0.631917 3.959033 -1.110433
v 1.101752 3.737140 -1.827440
v 1.529425 3.371675 -2.474453
v 1.898504 2.876684 -3.026613
v 2.194804 2.271188 -3.462702
v 2.406941 1.578455 -3.765963
v 2.526764 0.825104 -3.924743
v 2.549668 0.040083 -3.932941
v 2.474773 -0.746441 -3.790242
v 2.304957 -1.504246 -3.502128
v 2.046744 -2.204211 -3.079669
v 1.710055 -2.819437 -2.539098
v 1.307827 -3.326282 -1.901185
v 2.066116 -1.151483 -3.854985
v 2.152994 -0.375149 -4.095235
v 1.033422 3.565923 -2.318579
v 0.643321 3.861258 -1.597549
v 1.899947 -1.882095 -3.466831
v 1.384667 3.132917 -2.951983
v 1.661314 -2.539065 -2.946514
v 1.683240 2.578286 -3.472754
v 1.359700 -3.097729 -2.314580
v 1.917227 1.923178 -3.860016
v 1.006783 -3.537433 -1.595401
v 2.077222 1.193082 -4.098123
v -0.192458 4.002432 -0.006261
v 2.156830 0.416750 -4.177518
v 0.229448 4.008390 -0.816858
v 0.349331 4.027139 -0.183489
v 0.975141 3.956296 -0.838435
v 1.563653 3.733457 -1.461394
v 2.092250 3.367188 -2.028427
v 2.540624 2.871564 -2.517747
v 2.891543 2.265632 -2.910551
v 3.131525 1.572677 -3.191745
v 3.251348 0.819326 -3.350525
v 3.246408 0.034528 -3.380790
v 3.116894 -0.751561 -3.281376
v 2.867782 -1.508733 -3.056101
v 2.508644 -2.207893 -2.713623
v 2.053279 -2.822174 -2.267099
v 1.519185 -3.327967 -1.733689
v 1.158135 -3.534042 -1.497274
v 1.656744 -3.091074 -2.121995
v 2.856626 1.210545 -3.592804
v 2.681516 1.940302 -3.364497
v -0.041106 4.005823 0.091866
v 2.921118 0.433874 -3.681999
v 0.526491 4.015045 -0.624273
v 2.872564 -0.359026 -3.628709
v 1.074899 3.870928 -1.317739
v 2.713208 -1.136985 -3.435449
v 1.583223 3.578242 -1.962121
v 2.449749 -1.869776 -3.110373
v 2.031760 3.147415 -2.532448
v 2.092892 -2.529395 -2.666704
v 2.402811 2.594409 -3.006228
v 0.524966 4.012058 0.020606
v 1.260356 3.931807 -0.507005
v 1.947485 3.700500 -1.015366
v 2.559950 3.327029 -1.484943
v 3.074217 2.825748 -1.897692
v 3.470525 2.215919 -2.237754
v 3.733645 1.520977 -2.492060
v 3.853468 0.767626 -2.650840
v 3.825389 -0.015185 -2.707993
v 3.650487 -0.797377 -2.661321
v 3.335482 -1.548892 -2.512617
v 2.892477 -2.240850 -2.267595
v 2.338494 -2.846663 -1.935669
v 1.694821 -3.343048 -1.529594
v 2.055713 3.557772 -1.508435
v 1.445791 3.854860 -0.961609
v 2.922239 -1.890246 -2.656687
v 3.269308 -1.161077 -2.901481
v 2.587859 3.123324 -1.998479
v 2.463784 -2.545463 -2.310574
v 3.021197 2.567618 -2.412453
v 1.912018 -3.102133 -1.876880
v 3.338332 1.911847 -2.733821
v 1.288203 -3.539677 -1.372382
v 3.526432 1.181527 -2.949656
v 0.088962 4.000188 0.216759
v 3.577935 0.405419 -3.051324
v 0.781765 4.003985 -0.379158
v 3.490951 -0.385817 -3.034934
v 0.658130 3.984162 0.253456
v 1.476601 3.886505 -0.128879
v 2.238500 3.639535 -0.506496
v 2.914552 3.252743 -0.864886
v 3.478778 2.740996 -1.190277
v 3.909497 2.123958 -1.470165
v 4.190161 1.425341 -1.693795
v 4.309984 0.671990 -1.852575
v 4.264362 -0.107146 -1.940404
v 4.055048 -0.882129 -1.953905
v 3.690084 -1.623177 -1.892560
v 3.183492 -2.301816 -1.758726
v 2.554739 -2.891964 -1.557543
v 1.827984 -3.370945 -1.296744
v 4.060900 1.107142 -2.193393
v 3.862435 1.838904 -1.992225
v 0.192750 3.985744 0.363616
v 1.391991 -3.554122 -1.225525
v 4.102037 0.332477 -2.309728
v 0.985460 3.975637 -0.090934
v 3.984388 -0.454491 -2.336729
v 1.741741 3.813670 -0.542845
v 3.713045 -1.222834 -2.273602
v 2.432734 3.505300 -0.974958
v 3.299259 -1.942718 -2.123210
v 3.031597 3.061566 -1.370600
v 2.759734 -2.586652 -1.891809
v 3.514634 2.498944 -1.714248
v 2.115712 -3.130482 -1.588656
v 0.743704 3.944521 0.506113
v 1.615565 3.822133 0.281412
v 2.425514 3.552905 0.045660
v 3.142428 3.147185 -0.192085
v 3.738758 2.620566 -0.422686
v 4.191593 1.993284 -0.637282
v 4.483530 1.289444 -0.827627
v 4.603354 0.536093 -0.986407
v 4.546458 -0.237821 -1.107521
v 4.315029 -1.002559 -1.186314
v 3.917959 -1.728736 -1.219759
v 3.370506 -2.388446 -1.206570
v 2.693704 -2.956337 -1.147253
v 1.913558 -3.410585 -1.044087
v 3.566322 -2.025176 -1.530442
v 4.027367 -1.319883 -1.575940
v 3.345918 2.964517 -0.672938
v 2.699797 3.422843 -0.382190
v 2.969371 -2.651379 -1.426503
v 3.864161 2.391025 -0.938444
v 2.259999 -3.175032 -1.268399
v 4.233684 1.724279 -1.168208
v 1.465509 -3.576821 -1.062345
v 4.439491 0.990249 -1.353079
v 0.266268 3.963045 0.526796
v 4.473286 0.217851 -1.485710
v 1.129747 3.931087 0.229323
v 4.333916 -0.562410 -1.560925
v 1.951378 3.748944 -0.077538
v 0.778401 3.894660 0.768867
v 1.671909 3.741163 0.708100
v 2.501340 3.443939 0.619882
v 3.234821 3.014410 0.507605
v 3.844170 2.469085 0.375582
v 4.305970 1.828918 0.228887
v 4.602478 1.118510 0.073158
v 4.722301 0.365158 -0.085622
v 4.660835 -0.402187 -0.241352
v 4.420440 -1.154040 -0.388046
v 4.010353 -1.861511 -0.520069
v 3.446332 -2.497411 -0.632347
v 2.750047 -3.037306 -0.720565
v 1.948255 -3.460446 -0.781332
v 0.306691 3.932963 0.700026
v 1.505932 -3.606902 -0.889115
v 4.677413 0.065947 -0.610938
v 4.647655 0.835341 -0.461006
v 1.209082 3.872049 0.569307
v 4.526099 -0.705427 -0.737335
v 2.066645 3.663167 0.416428
v 4.200193 -1.448494 -0.835305
v 2.846639 3.313568 0.247090
v 3.713164 -2.134450 -0.901162
v 3.518744 2.835906 0.067697
v 3.084638 -2.737156 -0.932537
v 4.056346 2.248008 -0.114854
v 2.339334 -3.234070 -0.928415
v 4.437812 1.572375 -0.293436
v 0.760886 3.836495 1.031622
v 1.643467 3.646709 1.134788
v 2.463063 3.316825 1.194105
v 3.188181 2.859522 1.207294
v 3.790959 2.292374 1.173849
v 4.248233 1.637176 1.095056
v 4.542433 0.919105 0.973943
v 4.662257 0.165754 0.815163
v 4.603098 -0.593928 0.624817
v 4.367229 -1.330751 0.410221
v 3.963713 -2.016399 0.179620
v 3.408055 -2.624525 -0.058124
v 2.721605 -3.131760 -0.293877
v 1.930740 -3.518611 -0.518578
v 3.543434 2.680675 0.822841
v 2.867616 3.181676 0.888697
v 3.101104 -2.840688 -0.428893
v 3.734142 -2.266342 -0.259555
v 4.083801 2.075391 0.724870
v 2.350668 -3.305328 -0.581771
v 4.466972 1.389029 0.598474
v 1.511707 -3.643210 -0.712491
v 4.677393 0.648370 0.448543
v 0.312466 3.896655 0.876650
v 4.706574 -0.117399 0.280972
v 1.220416 3.800791 0.915951
v 4.553555 -0.878044 0.102389
v 2.083112 3.559635 0.920072
v 4.224883 -1.603725 -0.080161
v 0.691833 3.772261 1.284279
v 1.531332 3.542398 1.545079
v 2.312156 3.176448 1.746261
v 3.004301 2.688473 1.880095
v 3.581171 2.097226 1.941440
v 4.020601 1.425428 1.927939
v 4.305704 0.698894 1.840111
v 4.425527 -0.054456 1.681330
v 4.375465 -0.805676 1.457700
v 4.157441 -1.525899 1.177812
v 3.779832 -2.187449 0.852421
v 3.257148 -2.764903 0.494031
v 2.609470 -3.236071 0.116414
v 1.861688 -3.582846 -0.265921
v 4.559650 -0.325139 1.155744
v 4.527562 0.436521 1.340615
v 1.163313 3.720052 1.255934
v 0.283371 3.855517 1.049880
v 4.415227 -1.073630 0.925978
v 2.000146 3.442328 1.414039
v 4.100488 -1.779611 0.660474
v 2.761924 3.032235 1.517977
v 3.628450 -2.415783 0.369725
v 3.419039 2.504790 1.563475
v 3.018139 -2.957995 0.065074
v 3.945473 1.879805 1.548459
v 2.293565 -3.386066 -0.241788
v 4.320048 1.181289 1.473246
v 1.482611 -3.684349 -0.539260
v 0.573896 3.704426 1.517129
v 1.339813 3.432241 1.923205
v 2.054416 3.028201 2.255130
v 2.690246 2.507835 2.500152
v 3.222869 1.891138 2.648855
v 3.631821 1.201811 2.695528
v 3.901387 0.466340 2.638376
v 4.021210 -0.287011 2.479596
v 3.986686 -1.029294 2.225289
v 3.799140 -1.731987 1.885227
v 3.465778 -2.368086 1.472478
v 2.999408 -2.913149 1.002901
v 2.417951 -3.346229 0.494540
v 1.743750 -3.650681 -0.033071
v 2.838929 -3.084569 0.530380
v 3.400149 -2.577030 0.962493
v 3.646677 1.668768 2.324264
v 3.150338 2.315009 2.261137
v 2.170220 -3.473184 0.078469
v 4.002683 0.957137 2.297263
v 1.419764 -3.728737 -0.376081
v 4.203920 0.207936 2.180928
v 0.220523 3.811128 1.213059
v 4.242285 -0.549291 1.979761
v 1.039968 3.632934 1.576191
v 4.116430 -1.284667 1.701783
v 1.820936 3.315754 1.879345
v 3.831786 -1.969391 1.358135
v 2.533623 2.870989 2.110745
v 0.411606 3.635597 1.721224
v 1.076271 3.320470 2.254635
v 1.699750 2.877783 2.701158
v 2.258085 2.324550 3.043636
v 2.729822 1.682031 3.268911
v 3.096835 0.974917 3.368325
v 3.345020 0.230379 3.338060
v 3.464843 -0.522972 3.179280
v 3.451700 -1.256188 2.898086
v 3.306092 -1.941094 2.505282
v 3.033616 -2.551371 2.015962
v 2.644742 -3.063567 1.448929
v 2.154409 -3.458000 0.825970
v 1.581461 -3.719509 0.171024
v 3.668649 -1.503045 2.399988
v 3.766676 -0.781241 2.721356
v 1.552369 3.184777 2.298109
v 0.855121 3.542786 1.864415
v 3.429108 -2.165774 1.986015
v 2.191487 2.704132 2.644222
v 3.058013 -2.743886 1.495970
v 2.747660 2.118626 2.889017
v 2.570362 -3.215546 0.949145
v 3.198895 1.450390 3.022469
v 1.985373 -3.563333 0.366693
v 3.527073 0.725187 3.038859
v 1.325579 -3.774670 -0.229223
v 3.718905 -0.028601 2.937191
v 0.126339 3.765195 1.359917
v 0.211202 3.568420 1.888720
v 0.750832 3.211380 2.526632
v 1.261786 2.730974 3.067204
v 1.724426 2.145663 3.489662
v 2.120978 1.477942 3.777776
v 2.436202 0.753467 3.920475
v 2.657985 0.000079 3.912277
v 2.777808 -0.753272 3.753497
v 2.791066 -1.477638 3.450236
v 2.697248 -2.145184 3.014148
v 2.499958 -2.730258 2.461988
v 2.206777 -3.210376 1.814974
v 1.828971 -3.567089 1.097967
v 1.381056 -3.786687 0.338520
v 1.746127 -3.653047 0.611808
v 2.222758 -3.345893 1.305274
v 2.911498 0.494353 3.669534
v 2.619337 1.233063 3.616243
v 1.203678 -3.820382 -0.104332
v 3.091155 -0.264000 3.580339
v 0.004437 3.719483 1.484809
v 3.151100 -1.012074 3.352032
v 0.615875 3.453072 2.109529
v 3.089091 -1.720373 2.993762
v 1.204766 3.054429 2.654239
v 2.907924 -2.361211 2.519982
v 1.748664 2.538079 3.097907
v 2.615190 -2.909940 1.949655
v 2.226476 1.923188 3.422984
v -0.019617 3.505476 2.013181
v 0.376005 3.109164 2.728745
v 0.757355 2.593415 3.339199
v 1.109778 1.978048 3.821089
v 1.419733 1.286711 4.155898
v 1.675308 0.545971 4.330760
v 1.866683 -0.215710 4.338958
v 1.986506 -0.969061 4.180178
v 2.030173 -1.685134 3.860521
v 1.996003 -2.336414 3.392269
v 1.885310 -2.897872 2.793415
v 1.702346 -3.347935 2.086971
v 1.454143 -3.669305 1.300080
v 1.150237 -3.849631 0.462981
v 0.791484 2.929721 2.934048
v 0.331425 3.367239 2.302114
v 2.288266 -2.548193 2.939518
v 2.400028 -1.928298 3.460288
v 1.222172 2.379210 3.454366
v 2.088698 -3.068809 2.306114
v 1.606818 1.736207 3.842520
v 1.809477 -3.470602 1.585084
v 1.930274 1.025137 4.082770
v 1.461676 -3.738879 0.804393
v 2.179612 0.273506 4.165053
v 1.058743 -3.864116 -0.006204
v 2.344794 -0.489215 4.085658
v -0.140498 3.675750 1.582936
v 2.419214 -1.232921 3.847550
v -0.271980 3.449183 2.089823
v -0.033808 3.017751 2.853205
v 0.205843 2.470393 3.506694
v 0.437761 1.828146 4.025182
v 0.653036 1.115690 4.388744
v 0.843396 0.360402 4.583412
v 1.001524 -0.408694 4.601707
v 1.121347 -1.162045 4.442927
v 1.198261 -1.870703 4.113173
v 1.229307 -2.507435 3.625116
v 1.213293 -3.047774 2.997508
v 1.150834 -3.470957 2.254465
v 1.044331 -3.760719 1.424540
v 0.897874 -3.905924 0.539624
v 1.359541 0.071133 4.506371
v 1.158186 0.834605 4.404119
v 0.896345 -3.904192 0.061386
v 1.142953 -3.817533 0.937047
v 1.508506 -0.695590 4.433726
v -0.302896 3.635674 1.650527
v 1.599144 -1.435294 4.188869
v 0.012701 3.288586 2.434769
v 1.627939 -2.118830 3.781637
v 0.328406 2.815445 3.126784
v 1.593945 -2.719534 3.228498
v 0.632243 2.233630 3.699898
v 1.498769 -3.214389 2.551646
v 0.912497 1.564865 4.131501
v 1.346399 -3.584878 1.777820
v -0.536188 3.401705 2.115702
v -0.462856 2.940651 2.895230
v -0.371557 2.366636 3.563250
v -0.265800 1.701718 4.094095
v -0.149648 0.971449 4.467366
v -0.027566 0.203892 4.668722
v 0.095756 -0.571459 4.690426
v 0.215579 -1.324810 4.531646
v 0.327299 -2.027212 4.198483
v 0.426622 -2.651675 3.703738
v 0.509732 -3.174203 3.066420
v 0.573434 -3.574714 2.311021
v 0.615282 -3.837818 1.466565
v 0.633666 -3.953402 0.565503
v 0.851645 -2.868650 3.375820
v 0.802497 -2.284647 3.945459
v 0.001548 2.106934 3.825070
v -0.166671 2.715993 3.225041
v 0.868074 -3.341085 2.676817
v 0.170197 1.415750 4.278822
v 0.851322 -3.684330 1.876076
v 0.332744 0.668788 4.567940
v 0.802205 -3.885983 1.004674
v 0.482801 -0.104989 4.680374
v 0.722725 -3.939069 0.095844
v 0.614426 -0.875195 4.611170
v -0.476516 3.600796 1.684984
v 0.722404 -1.611416 4.362872
v -0.328047 3.220135 2.502396
v -0.802089 3.364867 2.089823
v -0.894653 2.880831 2.853205
v -0.952655 2.286131 3.506694
v -0.973867 1.603622 4.025182
v -0.957473 0.859533 4.388743
v -0.904106 0.082456 4.583412
v -0.815814 -0.697748 4.601707
v -0.695991 -1.451099 4.442926
v -0.549241 -2.148649 4.113173
v -0.381203 -2.763592 3.625115
v -0.198335 -3.272299 2.997507
v -0.007664 -3.655220 2.254465
v 0.183485 -3.897640 1.424540
v 0.367766 -3.990240 0.539624
v 0.544555 -3.967407 0.095844
v 0.452527 -3.941601 1.004674
v -0.303084 -1.021128 4.611169
v -0.416915 -0.248092 4.680374
v -0.654686 3.572458 1.684984
v -0.177313 -1.754519 4.362872
v -0.677725 3.164518 2.502396
v -0.044577 -2.419377 3.945459
v -0.674724 2.635185 3.225040
v 0.089891 -2.989810 3.375820
v -0.645676 2.003991 3.825069
v 0.220850 -3.444028 2.676817
v -0.591557 1.294590 4.278822
v 0.343269 -3.765138 1.876076
v -0.514331 0.534058 4.567940
v -1.059463 3.340085 2.013181
v -1.312604 2.840586 2.728744
v -1.515120 2.231970 3.339199
v -1.659230 1.537628 3.821089
v -1.739396 0.784241 4.155897
v -1.752539 0.000760 4.330760
v -1.698154 -0.782709 4.338957
v -1.578331 -1.536059 4.180177
v -1.397674 -2.230345 3.860520
v -1.163126 -2.838884 3.392268
v -0.883698 -3.338292 2.793415
v -0.570128 -3.709380 2.086970
v -0.234466 -3.937884 1.300079
v 0.110391 -4.015022 0.462981
v -1.284556 1.928756 3.699898
v -1.176226 2.576128 3.126784
v -0.418030 -3.519262 2.551646
v -0.662043 -3.078357 3.228498
v -1.343491 1.206043 4.131501
v -0.158233 -3.824194 1.777819
v -1.350486 0.435592 4.404119
v 0.107357 -3.982248 0.937047
v -1.305033 -0.352676 4.506371
v 0.368682 -3.988118 0.061386
v -1.208766 -1.127781 4.433725
v -0.830559 3.551747 1.650527
v -1.065431 -1.859104 4.188869
v -1.022896 3.123871 2.434769
v -0.880732 -2.517843 3.781637
v -1.298421 3.328310 1.888720
v -1.700648 2.821464 2.526632
v -2.037337 2.206238 3.067203
v -2.295551 1.506273 3.489662
v -2.465366 0.748468 3.777776
v -2.540261 -0.038056 3.920475
v -2.517357 -0.823076 3.912275
v -2.397534 -1.576427 3.753495
v -2.185397 -2.269161 3.450236
v -1.889096 -2.874657 3.014147
v -1.520019 -3.369648 2.461988
v -1.092345 -3.735112 1.814973
v -0.622510 -3.957006 1.097967
v -0.128566 -4.026797 0.338520
v -2.067815 -1.191055 4.085655
v -2.147423 -0.414723 4.165052
v -0.997376 3.539460 1.582936
v 0.201864 -4.000405 -0.006205
v -1.907820 -1.921150 3.847549
v -1.350293 3.099756 2.302114
v -1.673833 -2.576259 3.460288
v -1.651907 2.541092 2.934047
v -1.375260 -3.130889 2.939517
v -1.890541 1.884122 3.454366
v -1.024015 -3.563896 2.306113
v -2.056709 1.153511 3.842519
v -0.633914 -3.859231 1.585083
v -2.143587 0.377176 4.082769
v -0.220041 -4.006362 0.804392
v -1.509778 3.329995 1.721223
v -2.043872 2.824201 2.254634
v -2.499237 2.209921 2.701157
v -2.858375 1.510760 3.043636
v -3.107486 0.753588 3.268909
v -3.237000 -0.032501 3.368324
v -3.241941 -0.817299 3.338058
v -3.122118 -1.570650 3.179278
v -2.882136 -2.263605 2.898085
v -2.531216 -2.869537 2.505281
v -2.082843 -3.365161 2.015962
v -1.554245 -3.731430 1.448928
v -0.965734 -3.954268 0.825969
v -0.339924 -4.025112 0.171024
v -1.573816 -3.576215 1.949655
v -2.022353 -3.145388 2.519981
v -2.703801 1.139012 3.422983
v -2.440342 1.871804 3.097907
v -1.065492 -3.868901 1.305273
v -2.863157 0.361053 3.616243
v -0.517085 -4.013019 0.611807
v -2.911711 -0.431847 3.669533
v 0.050513 -4.003797 -0.104332
v -2.847219 -1.208518 3.580336
v -1.148728 3.536069 1.484809
v -2.672109 -1.938275 3.352030
v -1.647337 3.093101 2.109529
v -2.393403 -2.592381 2.993762
v -2.083485 2.531422 2.654238
v -1.685414 3.345075 1.517129
v -2.329087 2.848691 1.923204
v -2.883070 2.242877 2.255129
v -3.326075 1.550919 2.500151
v -3.641079 0.799404 2.648855
v -3.815982 0.017213 2.695527
v -3.844060 -0.765599 2.638373
v -3.724237 -1.518949 2.479593
v -3.461117 -2.213892 2.225288
v -3.064809 -2.823721 1.885226
v -2.550543 -3.325002 1.472477
v -1.938078 -3.698473 1.002900
v -1.250949 -3.929779 0.494539
v -0.515559 -4.010032 -0.033071
v -0.079555 -3.998162 -0.229224
v -3.328925 -1.909819 2.721355
v -3.517024 -1.179499 2.937187
v -1.902611 3.104160 1.864415
v -1.278796 3.541704 1.359917
v -3.011789 -2.565591 2.399988
v -2.454376 2.547490 2.298108
v -2.578452 -3.121296 1.986014
v -2.912832 1.892273 2.644222
v -2.046306 -3.555745 1.495970
v -3.259901 1.163104 2.889016
v -1.436383 -3.852832 0.949143
v -3.481543 0.387844 3.022469
v -0.772359 -4.001959 0.366693
v -3.568527 -0.403392 3.038857
v -1.818577 3.372972 1.284279
v -2.545331 2.893991 1.545078
v -3.174084 2.303843 1.746260
v -3.680676 1.625205 1.880095
v -4.045640 0.884156 1.941439
v -4.254955 0.109174 1.927938
v -4.300575 -0.669962 1.840108
v -4.180753 -1.423313 1.681328
v -3.900090 -2.121931 1.457699
v -3.469370 -2.738969 1.177811
v -2.905145 -3.250716 0.852420
v -2.229093 -3.637507 0.494031
v -1.467193 -3.884477 0.116413
v -0.648723 -3.982135 -0.265921
v -1.732334 -3.811643 0.530379
v -2.423327 -3.503273 0.962493
v -3.974981 0.456518 2.324263
v -3.703637 1.224862 2.261136
v -0.976053 -3.973609 0.078469
v -4.092630 -0.330449 2.297261
v -0.183343 -3.983716 -0.376081
v -4.051491 -1.105114 2.180925
v -1.382584 3.556149 1.213059
v -3.853028 -1.836877 1.979759
v -2.106305 3.132509 1.576191
v -3.505227 -2.496917 1.701782
v -2.750326 2.588680 1.879343
v -3.022189 -3.059539 1.358134
v -3.289852 1.944745 2.110745
v -1.904151 3.412612 1.031622
v -2.684296 2.958364 1.134787
v -3.361098 2.390473 1.194104
v -3.908552 1.730763 1.207294
v -4.305621 1.004587 1.173849
v -4.537050 0.239848 1.095055
v -4.593944 -0.534066 0.973940
v -4.474120 -1.287416 0.815160
v -4.182185 -1.991257 0.624816
v -3.729351 -2.618539 0.410220
v -3.133021 -3.145158 0.179620
v -2.416107 -3.550878 -0.058125
v -1.606158 -3.820106 -0.293878
v -0.734297 -3.942494 -0.518578
v -2.250592 3.177059 1.255933
v -1.456102 3.578848 1.049880
v -3.854754 -2.388998 0.925978
v -4.224277 -1.722251 1.155742
v -2.959963 2.653406 1.414037
v -3.336510 -2.962489 0.660472
v -3.556915 2.027203 1.517977
v -2.690389 -3.420815 0.369724
v -4.017958 1.321910 1.563474
v -1.941970 -3.746916 0.065073
v -4.324507 0.564437 1.548459
v -1.120340 -3.929060 -0.241788
v -4.463878 -0.215824 1.473244
v -0.256861 -3.961017 -0.539261
v -4.430081 -0.988222 1.340612
v -1.938848 3.462473 0.768867
v -2.740639 3.039333 0.708100
v -3.436924 2.499439 0.619882
v -4.000945 1.863538 0.507604
v -4.411032 1.156068 0.375581
v -4.651426 0.404214 0.228886
v -4.712892 -0.363131 0.073156
v -4.593068 -1.116482 -0.085624
v -4.296562 -1.826890 -0.241353
v -3.834761 -2.467057 -0.388047
v -3.225414 -3.012383 -0.520070
v -2.491932 -3.441912 -0.632348
v -1.662501 -3.739136 -0.720565
v -0.768993 -3.892633 -0.781333
v -4.516691 0.707454 0.724870
v -4.190784 1.450522 0.822840
v -1.199675 -3.870022 -0.581772
v -2.057236 -3.661139 -0.428894
v -4.668005 -0.063919 0.598472
v -0.297284 -3.930936 -0.712491
v -4.638245 -0.833313 0.448540
v -1.496525 3.608929 0.876650
v -4.428403 -1.570347 0.280970
v -2.329927 3.236097 0.915950
v -4.046938 -2.245981 0.102389
v -3.075229 2.739184 0.920071
v -3.509336 -2.833878 -0.080162
v -3.703757 2.136477 0.888697
v -2.837231 -3.311541 -0.259555
v -1.921333 3.520638 0.506113
v -2.712197 3.133788 0.281412
v -3.398648 2.626553 0.045659
v -3.954306 2.018426 -0.192085
v -4.357821 1.332778 -0.422686
v -4.593689 0.595956 -0.637282
v -4.652847 -0.163727 -0.827628
v -4.533024 -0.917077 -0.986408
v -4.238824 -1.635149 -1.107522
v -3.781551 -2.290347 -1.186314
v -3.178774 -2.857495 -1.219759
v -2.453656 -3.314798 -1.206570
v -1.634059 -3.644682 -1.147253
v -0.751479 -3.834468 -1.044087
v -4.074393 -2.073364 -0.737335
v -4.457564 -1.387002 -0.610940
v -3.091697 2.842715 0.416427
v -2.341261 3.307355 0.569306
v -3.534026 -2.678648 -0.835306
v -3.724735 2.268369 0.247090
v -2.858209 -3.179649 -0.901162
v -4.215474 1.605752 0.067696
v -2.073704 -3.557608 -0.932537
v -4.544146 0.880071 -0.114854
v -1.211009 -3.798764 -0.928416
v -4.697166 0.119426 -0.293437
v -0.303059 -3.894628 -0.889115
v -4.667983 -0.646342 -0.461009
v -1.502300 3.645237 0.700026
v -1.852280 3.584873 0.253456
v -2.600062 3.238098 -0.128879
v -3.247739 2.766930 -0.506496
v -3.770425 2.189476 -0.864886
v -4.148033 1.527927 -1.190277
v -4.366058 0.807704 -1.470165
v -4.416118 0.056484 -1.693796
v -4.296294 -0.696867 -1.852576
v -4.011193 -1.423401 -1.940404
v -3.571763 -2.095199 -1.953905
v -2.994893 -2.686445 -1.892560
v -2.302748 -3.174420 -1.758725
v -1.521924 -3.540372 -1.557544
v -0.682426 -3.770234 -1.296744
v -1.153906 -3.718025 -1.268399
v -1.990738 -3.440301 -1.426504
v -4.550241 0.327166 -1.168209
v -4.405818 1.075657 -0.938443
v -0.273963 -3.853490 -1.062345
v -4.518153 -0.434493 -1.353081
v -1.473204 3.686375 0.526796
v -4.310639 -1.179262 -1.485712
v -2.284158 3.388094 0.229323
v -3.936065 -1.877778 -1.560924
v -3.008730 2.960022 -0.077539
v -3.409630 -2.502762 -1.575940
v -3.619043 2.417810 -0.382190
v -2.752517 -3.030208 -1.530442
v -4.091079 1.781638 -0.672938
v -1.734343 3.652708 0.020606
v -2.408544 3.348255 -0.507004
v -2.990000 2.915176 -1.015365
v -3.456369 2.370113 -1.484943
v -3.789732 1.734014 -1.897692
v -3.977278 1.031321 -2.237753
v -4.011801 0.289038 -2.492060
v -3.891978 -0.464313 -2.650840
v -3.622413 -1.199783 -2.707992
v -3.213462 -1.889111 -2.661320
v -2.680838 -2.505808 -2.512617
v -2.045008 -3.026174 -2.267595
v -1.330405 -3.430214 -1.935669
v -0.564489 -3.702399 -1.529594
v -2.829521 3.086596 -0.542845
v -2.160813 3.475212 -0.090934
v -3.140931 -2.312982 -2.273602
v -3.637269 -1.666741 -2.336728
v -3.390742 2.579057 -0.974958
v -2.524216 -2.868962 -2.123210
v -3.822379 1.971418 -1.370600
v -1.811528 -3.313727 -1.891809
v -4.107022 1.286694 -1.714247
v -1.030561 -3.630908 -1.588656
v -4.232876 0.551318 -1.992226
v -0.211116 -3.809101 -1.225524
v -4.194510 -0.205908 -2.193393
v -1.410357 3.730764 0.363616
v -3.993274 -0.955110 -2.309728
v -1.572054 3.721536 -0.183488
v -2.145002 3.460027 -0.838434
v -2.635334 3.065594 -1.461393
v -3.024209 2.553398 -2.028427
v -3.296685 1.943121 -2.517746
v -3.442292 1.258215 -2.910550
v -3.455435 0.524999 -3.191745
v -3.335612 -0.228352 -3.350525
v -3.087428 -0.972890 -3.380789
v -2.720414 -1.680004 -3.281374
v -2.248677 -2.322523 -3.056101
v -1.690342 -2.875756 -2.713622
v -1.066863 -3.318443 -2.267099
v -0.402199 -3.633571 -1.733689
v -3.757268 0.783268 -2.733821
v -3.659242 1.505072 -2.412452
v -0.116932 -3.763168 -1.372382
v -0.845713 -3.540759 -1.876880
v -3.709496 0.030629 -2.949655
v -1.316172 3.776697 0.216759
v -3.517665 -0.723160 -3.051324
v -1.975965 3.565360 -0.379158
v -3.189487 -1.448363 -3.034933
v -2.560954 3.217574 -0.961609
v -2.738252 -2.116599 -2.901481
v -3.048606 2.745913 -1.508435
v -2.182080 -2.702105 -2.656687
v -3.419699 2.167801 -1.998479
v -1.542961 -3.182749 -2.310574
v -1.371649 3.788714 -0.350985
v -1.819563 3.569116 -1.110432
v -2.197370 3.212404 -1.827439
v -2.490551 2.732285 -2.474452
v -2.687840 2.147211 -3.026612
v -2.781658 1.479665 -3.462701
v -2.768400 0.755299 -3.765960
v -2.648576 0.001948 -3.924740
v -2.426794 -0.751440 -3.932940
v -2.111570 -1.475914 -3.790241
v -1.715019 -2.143636 -3.502126
v -1.252378 -2.728947 -3.079668
v -0.741425 -3.209353 -2.539096
v -0.201795 -3.566393 -1.901185
v -2.217068 -1.921161 -3.435448
v -2.609930 -1.231035 -3.628708
v -2.605783 2.911967 -1.962120
v -2.213350 3.347920 -1.317739
v -1.739257 -2.536052 -3.110372
v -2.898516 2.363238 -2.532447
v -1.195357 -3.052402 -2.666703
v -3.079683 1.722400 -3.006227
v -0.606468 -3.451045 -2.121994
v -3.141692 1.014102 -3.364496
v 0.004970 -3.717456 -1.497274
v -3.081746 0.266027 -3.592803
v -1.194271 3.822409 0.091867
v -2.902090 -0.492326 -3.681999
v -1.736720 3.655074 -0.624272
v -1.140830 3.851658 -0.475446
v -1.444736 3.671332 -1.312544
v -1.692939 3.349962 -2.099435
v -1.875903 2.899899 -2.805880
v -1.986595 2.338441 -3.404733
v -2.020766 1.687161 -3.872985
v -1.977098 0.971087 -4.192641
v -1.857275 0.217736 -4.351421
v -1.665901 -0.543944 -4.343224
v -1.410325 -1.284685 -4.168362
v -1.100371 -1.976021 -3.833554
v -0.747948 -2.591388 -3.351664
v -0.366598 -3.107137 -2.741209
v 0.029024 -3.503448 -2.025645
v 0.149905 -3.673722 -1.595400
v -0.322018 -3.365212 -2.314579
v -2.335386 0.491242 -4.098120
v -2.409806 1.234948 -3.860014
v -1.049336 3.866143 -0.006260
v -2.170204 -0.271480 -4.177516
v -1.452270 3.740907 -0.816857
v -1.920866 -1.023110 -4.095233
v -1.800069 3.472629 -1.597548
v -1.597410 -1.734179 -3.854984
v -2.079291 3.070836 -2.318578
v -1.212765 -2.377182 -3.466830
v -2.278858 2.550220 -2.951982
v -0.782076 -2.927694 -2.946512
v -2.390620 1.930325 -3.472753
v -0.888468 3.907951 -0.552088
v -1.034924 3.762746 -1.437004
v -1.141427 3.472984 -2.266929
v -1.203885 3.049801 -3.009972
v -1.219899 2.509462 -3.637578
v -1.188853 1.872730 -4.125637
v -1.111940 1.164072 -4.455389
v -0.992117 0.410721 -4.614170
v -0.833988 -0.358375 -4.595876
v -0.643629 -1.113663 -4.401207
v -0.428354 -1.826119 -4.037645
v -0.196435 -2.468366 -3.519159
v 0.043215 -3.015723 -2.865669
v 0.281387 -3.447156 -2.102288
v -0.622836 -2.231603 -3.712363
v -0.903089 -1.562838 -4.143964
v -1.584538 2.721562 -3.240963
v -1.489362 3.216416 -2.564111
v -0.318999 -2.813418 -3.139248
v -1.618532 2.120857 -3.794101
v -0.003295 -3.286559 -2.447234
v -1.589736 1.437321 -4.201332
v 0.312302 -3.633647 -1.662992
v -1.499097 0.697617 -4.446188
v -0.886938 3.906218 -0.073851
v -1.350134 -0.069107 -4.518835
v -1.133546 3.819560 -0.949512
v -1.148778 -0.832578 -4.416582
v -1.336992 3.586905 -1.790283
v -0.624260 3.955429 -0.577967
v 0.380964 -2.364609 -3.575714
v 0.472263 -2.938625 -2.907694
v 0.545595 -3.399678 -2.128167
v -0.713319 3.941096 -0.108309
v 0.485922 -3.598769 -1.697449
v -0.792798 3.888010 -1.017139
v -0.323336 -0.666761 -4.580404
v -0.858667 3.343112 -2.689282
v 0.007859 -2.104907 -3.837534
v 0.176079 -2.713966 -3.237504
v -0.793090 2.286674 -3.957923
v 0.337454 -3.218108 -2.514861
v -0.618567 3.919638 0.345129
v -0.605876 3.839845 -1.479030
v -0.564028 3.576741 -2.323486
v -0.500325 3.176230 -3.078886
v -0.417216 2.653702 -3.716203
v -0.317893 2.029239 -4.210948
v 0.036972 -0.201865 -4.681187
v 0.159054 -0.969422 -4.479831
v 0.275206 -1.699691 -4.106560
v 0.598231 -3.730612 -1.267276
v -0.528769 3.932078 0.353868
v 0.688028 -3.718171 -1.258537
v -0.535149 3.969434 -0.108309
v 0.664092 -3.570431 -1.697449
v -0.443120 3.943628 -1.017139
v 0.523738 -0.532031 -4.580405
v -0.211443 3.446055 -2.689283
v 0.655082 -2.001963 -3.837534
v 0.684130 -2.633158 -3.237505
v 0.053984 2.421405 -3.957924
v 0.687132 -3.162491 -2.514861
v -0.441851 3.940448 0.379752
v 0.774947 -3.709802 -1.232654
v -0.361152 3.944424 0.421783
v 0.855645 -3.705825 -1.190622
v -0.289774 3.943855 0.478349
v 0.927023 -3.706394 -1.134057
v -0.230460 3.938762 0.547274
v 0.986337 -3.711487 -1.065132
v -0.185489 3.929341 0.625910
v 1.031308 -3.720908 -0.986496
v -0.156590 3.915954 0.711235
v 1.060208 -3.734295 -0.901170
v -0.144873 3.899116 0.799970
v 1.071925 -3.751134 -0.812435
v -0.150788 3.879472 0.888706
v 1.066010 -3.770777 -0.723700
v -0.174108 3.857780 0.974031
v 1.042690 -3.792470 -0.638375
v -0.213936 3.834871 1.052667
v 1.002861 -3.815378 -0.559739
v -0.268743 3.811627 1.121592
v 0.948055 -3.838623 -0.490814
v -0.336422 3.788940 1.178157
v 0.880376 -3.861309 -0.434248
v -0.414372 3.767683 1.220189
v 0.802425 -3.882566 -0.392217
v -0.499598 3.748673 1.246072
v 0.717200 -3.901577 -0.366333
v -0.588824 3.732639 1.254812
v 0.627974 -3.917611 -0.357594
v -0.678622 3.720198 1.246072
v 0.538176 -3.930051 -0.366334
v -0.765540 3.711829 1.220189
v 0.451258 -3.938421 -0.392217
v -0.846239 3.707852 1.178157
v 0.370559 -3.942397 -0.434249
v -0.917617 3.708421 1.121592
v 0.299181 -3.941828 -0.490814
v -0.976931 3.713514 1.052667
v 0.239867 -3.936735 -0.559739
v -1.021901 3.722935 0.974031
v 0.194896 -3.927314 -0.638375
v -1.050801 3.736322 0.888705
v 0.165997 -3.913927 -0.723700
v -1.062518 3.753161 0.799970
v 0.154280 -3.897088 -0.812435
v -1.056603 3.772804 0.711235
v 0.160194 -3.877445 -0.901170
v -1.033283 3.794497 0.625910
v 0.183514 -3.855752 -0.986495
v -0.993455 3.817405 0.547274
v 0.223343 -3.832844 -1.065132
v -0.938648 3.840650 0.478349
v 0.278150 -3.809600 -1.134057
v -0.870969 3.863336 0.421784
v 0.345829 -3.786913 -1.190622
v -0.793019 3.884593 0.379752
v 0.423779 -3.765656 -1.232654
v -0.707793 3.903604 0.353869
v 0.509005 -3.746646 -1.258537
v -0.473395 0.107016 -4.692839
v -0.605020 0.877222 -4.623634
v -0.841915 3.686357 -1.888541
v -0.160790 -1.413723 -4.291287
v -0.842238 2.870678 -3.388285
v -0.712997 1.613443 -4.375337
v -0.662236 1.251407 -4.521288
v 0.413658 -3.424826 -2.116108
v -0.756728 1.959597 -4.186749
v 0.258008 -2.980375 -2.889813
v -0.821653 2.591261 -3.690734
v 0.092427 -2.421173 -3.554369
v -0.854582 3.121989 -3.053254
v -0.076818 -1.767967 -4.083886
v -0.854400 3.531718 -2.299708
v -0.243225 -1.045425 -4.457221
v -0.821292 3.805393 -1.459611
v -0.400301 -0.281335 -4.659059
v -0.756679 3.933312 -0.565269
v -0.541842 0.494468 -4.680824
v -1.419963 3.418106 -2.187463
v -1.030873 -1.203650 -4.300899
v -1.241180 3.721045 -1.376277
v -1.255511 -0.453133 -4.489329
v -1.015073 3.881405 -0.513987
v -1.431548 0.315741 -4.504246
v -1.551941 1.072680 -4.344709
v 0.155264 -3.476733 -2.064826
v -1.611939 1.787800 -4.017018
v -0.161880 -3.064723 -2.806479
v -1.609300 2.433036 -3.534412
v -0.473136 -2.534785 -3.442125
v -1.544366 2.983423 -2.916355
v -0.766602 -1.906533 -3.946987
v -2.411872 1.590396 -3.684081
v -0.554628 -3.161644 -2.643015
v -2.346037 2.251228 -3.227778
v -1.002142 -2.665331 -3.221948
v -2.189565 2.824204 -2.647819
v -1.411801 -2.065752 -3.678451
v -1.948970 3.287560 -1.967287
v -1.767609 -1.385459 -3.994265
v -1.633927 3.624125 -1.212812
v -2.055444 -0.650536 -4.156391
v -1.256765 3.821761 -0.413393
v -2.263747 0.110375 -4.157879
v -2.384141 0.867314 -3.998343
v -0.086429 -3.536377 -1.964232
v -1.984442 3.518356 -0.975499
v -2.769358 -0.865960 -3.673041
v -1.472468 3.756673 -0.267353
v -3.006458 -0.113738 -3.655033
v -3.126852 0.643201 -3.495497
v -0.302131 -3.601465 -1.818192
v -3.125786 1.374972 -3.200730
v -0.905143 -3.267412 -2.405702
v -3.003550 2.052823 -2.782614
v -1.474264 -2.807794 -2.902302
v -2.765384 2.650450 -2.257965
v -1.987620 -2.239506 -3.288597
v -2.421091 3.145098 -1.647640
v -2.425123 -1.583864 -3.549100
v -1.199954 -3.377963 -2.103659
v -3.556572 1.845446 -2.216026
v -1.871356 -2.956699 -2.495469
v -3.249694 2.468839 -1.761775
v -2.471931 -2.421117 -2.792406
v -2.818183 2.996192 -1.240807
v -2.978145 -1.791240 -2.982513
v -2.279253 3.407806 -0.673456
v -3.369818 -1.091125 -3.057852
v -1.653891 3.688641 -0.081480
v -3.631138 -0.347986 -3.015030
v -3.751532 0.408953 -2.855494
v -0.483554 -3.669497 -1.632318
v -3.726245 1.149807 -2.585542
v -3.833748 -1.317379 -2.334467
v -1.794063 3.620281 0.137085
v -4.113781 -0.583366 -2.262467
v -4.234175 0.173573 -2.102931
v -0.623727 -3.737857 -1.413754
v -4.190176 0.923553 -1.862157
v -1.427733 -3.489048 -1.748495
v -3.983851 1.637066 -1.549789
v -2.178159 -3.106324 -2.017084
v -3.623884 2.286350 -1.178316
v -2.846121 -2.603606 -2.208948
v -3.124986 2.846567 -0.762422
v -3.405423 -1.999620 -2.316276
v -2.507032 3.296721 -0.318291
v -4.268965 1.435693 -0.809507
v -2.382884 -3.250919 -1.485532
v -3.873575 2.109997 -0.530012
v -3.095811 -2.779959 -1.560645
v -3.329711 2.701973 -0.230870
v -3.690538 -2.200994 -1.575994
v -2.659024 3.189369 0.076347
v -4.143320 -1.536027 -1.530684
v -1.887597 3.554218 0.379940
v -4.435840 -0.810834 -1.426263
v -4.556233 -0.053894 -1.266726
v -0.717261 -3.803920 -1.170899
v -4.499748 0.704905 -1.058373
v -1.579725 -3.596399 -1.353857
v -1.930900 3.492993 0.637754
v -4.584939 -1.021646 -0.538553
v -4.705332 -0.264707 -0.379016
v -0.760563 -3.865145 -0.913084
v -4.643065 0.502266 -0.205082
v -1.650091 -3.695890 -0.934911
v -4.400960 1.249062 -0.023628
v -2.477662 -3.384927 -0.921238
v -3.989170 1.946555 0.158224
v -3.211406 -2.943402 -0.872409
v -3.424489 2.567965 0.333424
v -3.822533 -2.387624 -0.790114
v -2.729390 3.089879 0.495292
v -4.286637 -1.738667 -0.677393
v -2.458850 -3.503198 -0.345889
v -3.966227 1.802306 0.859943
v -3.188463 -3.087650 -0.170689
v -3.405678 2.449693 0.908772
v -3.796335 -2.552338 0.011162
v -2.715424 3.002071 0.922445
v -4.258192 -1.917510 0.192616
v -1.922305 3.438957 0.900619
v -4.555346 -1.207703 0.366548
v -4.675740 -0.450764 0.526085
v -0.751969 -3.919181 -0.650219
v -4.614620 0.323423 0.664926
v -1.636125 -3.783698 -0.507758
v -4.374762 1.084348 0.777648
v -4.348199 -1.361854 1.254258
v -4.468593 -0.604915 1.413795
v -0.691808 -3.963950 -0.392405
v -4.415505 0.175249 1.518218
v -1.538364 -3.856447 -0.088812
v -4.191378 0.947880 1.563528
v -2.327173 -3.601188 0.218404
v -3.805627 1.682794 1.548179
v -3.027864 -3.207162 0.517547
v -3.274000 2.351704 1.473066
v -3.612951 -2.688807 0.797041
v -2.617663 2.929321 1.341391
v -4.059077 -2.065684 1.045907
v -1.862144 3.394188 1.158433
v -3.513544 1.592611 2.196483
v -2.735780 -3.297345 1.165851
v -3.034517 2.277761 2.004618
v -3.279428 -2.791784 1.537324
v -2.439865 2.874425 1.736029
v -3.696945 -2.177495 1.849691
v -1.752729 3.360405 1.401289
v -3.971461 -1.478175 2.090463
v -4.091854 -0.721236 2.249999
v -0.582393 -3.997733 -0.149550
v -4.053373 0.063438 2.322001
v -1.360566 -3.911344 0.305826
v -3.857855 0.844902 2.303811
v -2.087690 -3.675130 0.749957
v -3.560000 -0.795257 3.002563
v -0.427928 -4.019230 0.069015
v -3.542139 -0.007713 3.045387
v -1.109563 -3.946277 0.660991
v -3.387010 0.779372 2.970047
v -1.749604 -3.722183 1.228342
v -3.101201 1.535223 2.779942
v -2.323436 -3.354733 1.749309
v -2.696432 2.230708 2.483004
v -2.808583 -2.857314 2.203561
v -2.188862 2.839491 2.091194
v -3.185712 -2.248646 2.573076
v -1.598265 3.338907 1.619853
v -3.439606 -1.552197 2.843027
v -2.272736 2.212352 2.889837
v -2.218511 -2.882878 2.770149
v -1.874300 2.825863 2.393237
v -2.545024 -2.276403 3.188265
v -1.404687 3.330520 1.805727
v -2.773076 -1.581073 3.483031
v -2.893470 -0.824134 3.642567
v -0.234351 -4.027617 0.254888
v -2.901452 -0.035470 3.660576
v -0.795000 -3.959905 0.963034
v -2.796938 0.753808 3.536635
v -1.325909 -3.740539 1.635175
v -2.584444 1.512835 3.276132
v -1.806680 -3.377121 2.245500
v -0.009098 -4.022571 0.400928
v -2.155931 -0.018766 4.143927
v -0.428968 -3.951704 1.200348
v -2.110315 0.769193 3.981800
v -0.832885 -3.729493 1.954822
v -1.983131 1.526308 3.665986
v -1.205368 -3.363648 2.635354
v -1.779713 2.223399 3.209483
v -1.531888 -2.867494 3.215313
v -1.508267 2.834065 2.630551
v -1.799503 -2.259699 3.671616
v -1.179435 3.335567 1.951767
v -1.997484 -1.563695 3.985878
v -2.117878 -0.806756 4.145415
v -0.775100 -2.811752 3.521949
v -1.104830 2.863780 2.794016
v -0.977798 -2.199176 4.004555
v -0.931165 3.353854 2.052361
v -1.142635 -1.500731 4.332246
v -1.263029 -0.743792 4.491782
v 0.239172 -4.004284 0.501522
v -1.334226 0.041757 4.476865
v -0.025531 -3.921989 1.363812
v -1.353527 0.824934 4.288435
v -0.289481 -3.689468 2.174998
v -1.320373 1.575124 3.934523
v -0.542609 -3.314832 2.903891
v -1.236308 2.263423 3.429660
v -0.467916 0.143773 4.646595
v 0.399807 -3.871901 1.447146
v -0.555657 0.918891 4.444757
v 0.283422 -3.622003 2.287243
v -0.621637 1.657407 4.071422
v 0.156127 -3.232549 3.040790
v -0.663405 2.330889 3.541905
v 0.022770 -2.717796 3.678270
v -0.679493 2.913867 2.877349
v -0.111489 -2.097159 4.174284
v -0.669417 3.384677 2.103643
v -0.241382 -1.394600 4.508823
v -0.361775 -0.637660 4.668359
v 0.500920 -3.973460 0.552805
v -0.248600 2.982402 2.877349
v 0.766135 -1.957570 4.174285
v -0.404251 3.426853 2.103643
v 0.671642 -1.249380 4.508823
v 0.551248 -0.492441 4.668359
v 0.766085 -3.931285 0.552805
v 0.409708 0.283362 4.646595
v 0.830699 -3.803366 1.447146
v 0.252632 1.047452 4.444757
v 0.863807 -3.529691 2.287243
v 0.086225 1.769994 4.071422
v 0.863989 -3.119962 3.040790
v -0.083020 2.423200 3.541905
v 0.831060 -2.589234 3.678270
v 1.250587 -3.719018 1.363812
v 1.040280 1.205677 4.288436
v 1.429370 -3.416079 2.174999
v 0.776010 1.908560 3.934523
v 1.553773 -2.981396 2.903891
v 0.482543 2.536812 3.429660
v 1.618707 -2.431009 3.521949
v 0.171288 3.066751 2.794016
v 1.621347 -1.785773 4.004554
v -0.145857 3.478760 2.052361
v 1.561349 -1.070653 4.332247
v 1.440956 -0.313714 4.491783
v 1.024480 -3.879378 0.501522
v 1.264919 0.455160 4.476865
v 2.421280 -1.588369 3.671616
v 0.095836 3.538404 1.951767
v 2.393549 -0.865287 3.985880
v 2.273155 -0.108348 4.145417
v 1.266172 -3.819734 0.400929
v 2.064852 0.652563 4.143928
v 1.643335 -3.622097 1.200348
v 1.777017 1.387486 3.981801
v 1.958377 -3.285533 1.954822
v 1.421209 2.067779 3.665987
v 2.198973 -2.822177 2.635355
v 1.011550 2.667358 3.209484
v 2.355444 -2.249201 3.215314
v 0.564036 3.163671 2.630551
v 2.434530 1.585891 3.536636
v 2.430498 -3.143070 1.635176
v 1.997028 2.241533 3.276132
v 2.774791 -2.648423 2.245501
v 1.483671 2.809821 2.889838
v 3.012958 -2.050796 2.770149
v 0.914550 3.269439 2.393238
v 3.135194 -1.372945 3.188266
v 0.311538 3.603492 1.805727
v 3.136260 -0.641174 3.483033
v 3.015866 0.115765 3.642569
v 1.481874 -3.754646 0.254889
v 2.778766 0.867987 3.660577
v 1.993850 -3.516330 0.963035
v 0.492962 3.671524 1.619853
v 3.760940 -0.406926 2.843030
v 3.640546 0.350013 3.002566
v 1.663298 -3.686614 0.069015
v 3.379226 1.093153 3.045388
v 2.288661 -3.405779 0.660992
v 2.987552 1.793267 2.970048
v 2.827591 -2.994165 1.228343
v 2.481338 2.423144 2.779942
v 3.259102 -2.466812 1.749310
v 1.880764 2.958726 2.483005
v 3.565980 -1.843419 2.203562
v 1.209362 3.379990 2.091195
v 3.735654 -1.147780 2.573077
v 2.855528 2.605633 2.196484
v 3.633292 -2.284323 1.165852
v 2.187567 3.108351 2.004620
v 3.993259 -1.635039 1.537325
v 1.437140 3.491075 1.736030
v 4.199584 -0.921526 1.849691
v 0.633134 3.739884 1.401289
v 4.243584 -0.171546 2.090465
v 4.123190 0.585394 2.250002
v 1.803470 -3.618253 -0.149549
v 3.843156 1.319407 2.322002
v 2.516439 -3.294693 0.305827
v 3.414832 2.001647 2.303811
v 3.134394 -2.844540 0.749958
v 4.445250 0.812861 1.413797
v 1.897005 -3.552191 -0.392405
v 4.152729 1.538055 1.518219
v 2.668432 -3.187342 -0.088811
v 3.699946 2.203021 1.563529
v 3.339119 -2.699945 0.218405
v 3.105218 2.781987 1.548180
v 3.882982 -2.107970 0.517548
v 2.392291 3.252946 1.473067
v 4.278374 -1.433665 0.797042
v 1.589133 3.598426 1.341392
v 4.509156 -0.702878 1.045908
v 0.726668 3.805946 1.158434
v 4.565643 0.055922 1.254261
v 3.998577 -1.944528 -0.170689
v 2.487069 3.386954 0.908773
v 4.410369 -1.247035 0.011162
v 1.659498 3.697917 0.922446
v 4.652473 -0.500239 0.192617
v 0.769970 3.867172 0.900619
v 4.714742 0.266734 0.366551
v 4.594348 1.023674 0.526087
v 1.940307 -3.490965 -0.650219
v 4.296045 1.740694 0.664927
v 2.738797 -3.087851 -0.507757
v 3.831941 2.389652 0.777649
v 3.433896 -2.565937 -0.345889
v 3.220813 2.945429 0.859944
v 4.564755 1.209731 -0.379014
v 1.931712 -3.436929 -0.913084
v 4.267600 1.919537 -0.205081
v 2.724831 -3.000044 -0.934911
v 3.805743 2.554366 -0.023627
v 3.415086 -2.447666 -0.921238
v 3.197870 3.089677 0.158224
v 3.975634 -1.800279 -0.872408
v 2.468258 3.505225 0.333424
v 4.384171 -1.082321 -0.790114
v 1.645532 3.785725 0.495293
v 4.624028 -0.321396 -0.677392
v 0.761376 3.921207 0.637754
v 4.685149 0.452791 -0.538551
v 2.336580 3.603215 -0.230870
v 4.200786 -0.945853 -1.575994
v 1.547772 3.858475 0.076347
v 4.424913 -0.173221 -1.530684
v 0.701215 3.965978 0.379940
v 4.478002 0.606942 -1.426261
v 4.357608 1.363882 -1.266725
v 1.871551 -3.392160 -1.170898
v 4.068485 2.067711 -1.058373
v 2.627071 -2.927294 -1.353856
v 3.622358 2.690834 -0.809507
v 3.283408 -2.349676 -1.485532
v 3.037271 3.209189 -0.530012
v 3.815034 -1.680766 -1.560644
v 1.762136 -3.358377 -1.413754
v 3.706352 2.179522 -1.862157
v 2.449272 -2.872397 -1.748495
v 3.288835 2.793812 -1.549790
v 3.043924 -2.275734 -2.017085
v 2.745187 3.299372 -1.178316
v 3.522951 -1.590584 -2.208949
v 2.097097 3.677157 -0.762423
v 3.867263 -0.842875 -2.316276
v 1.369974 3.913371 -0.318291
v 4.062781 -0.061410 -2.334467
v 0.591800 3.999760 0.137084
v 4.101263 0.723264 -2.262466
v 3.980869 1.480203 -2.102930
v 3.396418 -0.777345 -2.982513
v 1.118970 3.948305 -0.673457
v 3.551547 0.009741 -3.057852
v 0.437336 4.021257 -0.081480
v 3.569408 0.797285 -3.015031
v 3.449015 1.554224 -2.855494
v 1.607672 -3.336880 -1.632318
v 3.195119 2.250673 -2.585542
v 2.198269 -2.837464 -2.103660
v 2.817990 2.859341 -2.216026
v 2.705839 -2.228681 -2.495470
v 2.332843 3.356760 -1.761775
v 3.110608 -1.533195 -2.792407
v 1.759012 3.724211 -1.240808
v 2.554431 2.278430 -3.200732
v 1.883707 -2.823836 -2.405702
v 2.227918 2.884905 -2.782614
v 2.282143 -2.210325 -2.902303
v 1.816086 3.379148 -2.257966
v 2.593850 -1.510808 -3.288597
v 1.335315 3.742567 -1.647641
v 2.806345 -0.751781 -3.549101
v 0.804408 3.961932 -0.975499
v 2.910859 0.037498 -3.673042
v 0.243758 4.029644 -0.267354
v 2.902877 0.826161 -3.655035
v 2.782483 1.583101 -3.495498
v 1.414094 -3.328493 -1.818192
v 0.438375 3.953731 -1.212813
v 2.165338 0.020794 -4.156393
v 0.018505 4.024597 -0.413394
v 2.127284 0.808783 -4.157882
v 2.006891 1.565723 -3.998346
v 1.188842 -3.333541 -1.964232
v 1.808910 2.261726 -3.684083
v 1.517674 -2.832037 -2.643017
v 1.541295 2.869521 -3.227780
v 1.789119 -2.221371 -3.221949
v 1.214774 3.365675 -2.647820
v 1.992538 -1.524281 -3.678452
v 0.842292 3.731519 -1.967288
v 2.119722 -0.767165 -3.994266
v 0.784506 2.813780 -3.534415
v 1.245715 -2.261396 -3.442126
v 0.552015 3.316860 -2.916356
v 1.329779 -1.573097 -3.946989
v 0.298887 3.691495 -2.187464
v 1.362934 -0.822907 -4.300900
v 0.034937 3.924016 -1.376278
v 1.343633 -0.039730 -4.489330
v -0.229765 4.006310 -0.513988
v 1.272435 0.745819 -4.504250
v 1.152041 1.502758 -4.344713
v 0.940571 -3.351827 -2.064826
v 0.987205 2.201203 -4.017020
v 1.114237 -2.861753 -2.806482
v 0.678823 -3.382650 -2.116109
v 0.120895 2.099187 -4.186750
v 0.688899 -2.911840 -2.889814
v -0.013363 2.719823 -3.690735
v 0.672812 -2.328861 -3.554370
v -0.146721 3.234576 -3.053255
v 0.631043 -1.655380 -4.083887
v -0.274016 3.624030 -2.299709
v 0.565064 -0.916864 -4.457222
v -0.390400 3.873928 -1.459611
v 0.477323 -0.141746 -4.659060
v -0.491513 3.975487 -0.565270
v 0.371181 0.639688 -4.680827
v 0.250787 1.396627 -4.521291
v -10.673449 -4.035715 10.932404
v -11.389167 0.464142 -10.957813
v 11.414948 -0.565066 10.923650
v 10.699230 3.934792 -10.966567
v -10.695136 -3.899361 10.961143
v -11.410854 0.600496 -10.929074
v 11.393260 -0.428712 10.952389
v 10.677543 4.071146 -10.937828
v -10.695136 -3.899361 10.961143
v -11.410854 0.600496 -10.929074
v 11.393260 -0.428712 10.952389
v 10.677543 4.071146 -10.937828
vn 0.0465 0.3272 -0.9438
vn 0.0276 0.4334 -0.9008
vn 0.1215 0.4448 -0.8873
vn 0.1423 0.3392 -0.9299
vn -0.1570 0.9869 0.0370
vn -0.1559 0.9804 0.1206
vn -0.1410 0.9892 0.0404
vn 0.1538 -0.9669 -0.2038
vn 0.1505 -0.9465 -0.2855
vn 0.1668 -0.9442 -0.2839
vn 0.0825 0.1012 -0.9914
vn 0.0649 0.2157 -0.9743
vn 0.1613 0.2280 -0.9602
vn 0.1781 0.1138 -0.9774
vn -0.1331 0.9902 -0.0421
vn -0.1246 0.9914 0.0401
vn -0.1089 0.9932 -0.0412
vn 0.1135 -0.1268 -0.9854
vn 0.0988 -0.0138 -0.9950
vn 0.1924 -0.0011 -0.9813
vn 0.2039 -0.1142 -0.9723
vn -0.1139 0.9707 -0.2117
vn -0.1240 0.9842 -0.1265
vn -0.0920 0.9880 -0.1243
vn -0.0740 0.9753 -0.2083
vn 0.1375 -0.3387 -0.9308
vn 0.1264 -0.2356 -0.9636
vn 0.2127 -0.2233 -0.9513
vn 0.2186 -0.3269 -0.9194
vn -0.0900 0.9191 -0.3835
vn -0.1025 0.9492 -0.2976
vn -0.0550 0.9545 -0.2929
vn -0.0350 0.9253 -0.3776
vn 0.1540 -0.5231 -0.8383
vn 0.1467 -0.4348 -0.8885
vn 0.2219 -0.4235 -0.8783
vn 0.2228 -0.5126 -0.8292
vn -0.0613 0.8310 -0.5529
vn -0.0763 0.8799 -0.4690
vn -0.0140 0.8869 -0.4618
vn 0.0079 0.8388 -0.5444
vn 0.1635 -0.6750 -0.7195
vn 0.1596 -0.6031 -0.7815
vn 0.2215 -0.5935 -0.7738
vn 0.2182 -0.6663 -0.7130
vn -0.0281 0.7023 -0.7114
vn -0.0452 0.7719 -0.6342
vn 0.0305 0.7804 -0.6245
vn 0.0535 0.7116 -0.7006
vn 0.1669 -0.7946 -0.5838
vn 0.1659 -0.7387 -0.6533
vn 0.2131 -0.7310 -0.6482
vn 0.2064 -0.7881 -0.5800
vn 0.0086 0.5323 -0.8465
vn -0.0100 0.6222 -0.7828
vn 0.0766 0.6323 -0.7709
vn 0.0994 0.5431 -0.8338
vn 0.1650 -0.8841 -0.4372
vn 0.1666 -0.8429 -0.5116
vn 0.1984 -0.8375 -0.5091
vn 0.1890 -0.8799 -0.4360
vn 0.2449 -0.7854 -0.5685
vn 0.2592 -0.7277 -0.6351
vn 0.3048 -0.7222 -0.6209
vn 0.2832 -0.7807 -0.5571
vn 0.1883 0.5535 -0.8113
vn 0.1612 0.6424 -0.7492
vn 0.2444 0.6484 -0.7210
vn 0.2754 0.5600 -0.7814
vn 0.2120 -0.8786 -0.4280
vn 0.2292 -0.8356 -0.4993
vn 0.2601 -0.8316 -0.4907
vn 0.2355 -0.8754 -0.4221
vn 0.2363 0.3496 -0.9066
vn 0.2135 0.4553 -0.8643
vn 0.3035 0.4624 -0.8331
vn 0.3281 0.3571 -0.8746
vn -0.1397 0.9826 0.1222
vn -0.1095 0.9929 0.0466
vn 0.1826 -0.9427 -0.2792
vn 0.2723 0.1235 -0.9543
vn 0.2561 0.2382 -0.9369
vn 0.3484 0.2460 -0.9045
vn 0.3639 0.1317 -0.9221
vn -0.0861 0.9957 -0.0329
vn -0.0933 0.9944 0.0494
vn -0.0624 0.9977 -0.0273
vn 0.2931 -0.1056 -0.9502
vn 0.2847 0.0081 -0.9586
vn 0.3744 0.0165 -0.9271
vn 0.3799 -0.0972 -0.9199
vn -0.0359 0.9799 -0.1964
vn -0.0615 0.9915 -0.1142
vn -0.0303 0.9939 -0.1060
vn 0.0028 0.9826 -0.1854
vn 0.2986 -0.3198 -0.8992
vn 0.2977 -0.2155 -0.9300
vn 0.3804 -0.2071 -0.9013
vn 0.3764 -0.3117 -0.8724
vn 0.0182 0.9319 -0.3623
vn -0.0093 0.9602 -0.2793
vn 0.0367 0.9634 -0.2656
vn 0.0713 0.9355 -0.3460
vn 0.2905 -0.5070 -0.8115
vn 0.2960 -0.4172 -0.8592
vn 0.3684 -0.4094 -0.8347
vn 0.3566 -0.4997 -0.7894
vn 0.0751 0.8471 -0.5261
vn 0.0464 0.8944 -0.4449
vn 0.1064 0.8985 -0.4259
vn 0.1417 0.8517 -0.5046
vn 0.2717 -0.6622 -0.6983
vn 0.2823 -0.5887 -0.7575
vn 0.3419 -0.5819 -0.7379
vn 0.3244 -0.6561 -0.6814
vn 0.1330 0.7212 -0.6798
vn 0.1041 0.7894 -0.6049
vn 0.1769 0.7945 -0.5809
vn 0.2113 0.7268 -0.6536
vn 0.4513 -0.3085 -0.8373
vn 0.4601 -0.2035 -0.8642
vn 0.5362 -0.1995 -0.8202
vn 0.5230 -0.3045 -0.7961
vn 0.1208 0.9394 -0.3208
vn 0.0792 0.9667 -0.2435
vn 0.1218 0.9676 -0.2213
vn 0.1699 0.9404 -0.2946
vn 0.4199 -0.4975 -0.7591
vn 0.4377 -0.4068 -0.8019
vn 0.5043 -0.4027 -0.7639
vn 0.4809 -0.4935 -0.7247
vn 0.2045 0.8566 -0.4737
vn 0.1627 0.9029 -0.3978
vn 0.2182 0.9040 -0.3677
vn 0.2660 0.8578 -0.4399
vn 0.3743 -0.6547 -0.6567
vn 0.3986 -0.5801 -0.7104
vn 0.4536 -0.5764 -0.6797
vn 0.4231 -0.6512 -0.6300
vn 0.2857 0.7325 -0.6179
vn 0.2458 0.7999 -0.5475
vn 0.3128 0.8012 -0.5101
vn 0.3578 0.7340 -0.5772
vn 0.3189 -0.7799 -0.5385
vn 0.3476 -0.7212 -0.5992
vn 0.3899 -0.7180 -0.5766
vn 0.3545 -0.7771 -0.5200
vn 0.3587 0.5660 -0.7423
vn 0.3237 0.6544 -0.6834
vn 0.4001 0.6561 -0.6398
vn 0.4387 0.5681 -0.6963
vn 0.2566 -0.8753 -0.4099
vn 0.2885 -0.8312 -0.4753
vn 0.3174 -0.8288 -0.4609
vn 0.2787 -0.8733 -0.3996
vn 0.4163 0.3628 -0.8337
vn 0.3899 0.4683 -0.7929
vn 0.4725 0.4707 -0.7451
vn 0.5006 0.3656 -0.7847
vn -0.1239 0.9841 0.1269
vn -0.0796 0.9951 0.0587
vn 0.1972 -0.9420 -0.2716
vn 0.4523 0.1368 -0.8813
vn 0.4373 0.2515 -0.8634
vn 0.5221 0.2546 -0.8140
vn 0.5364 0.1402 -0.8322
vn -0.0415 0.9990 -0.0149
vn -0.0642 0.9958 0.0646
vn -0.0192 0.9998 -0.0049
vn 0.4635 -0.0931 -0.8812
vn 0.4610 0.0211 -0.8871
vn 0.5435 0.0248 -0.8391
vn 0.5432 -0.0892 -0.8348
vn 0.0381 0.9853 -0.1665
vn -0.0021 0.9959 -0.0902
vn 0.0270 0.9967 -0.0761
vn 0.0741 0.9862 -0.1483
vn 0.2971 -0.8744 -0.3837
vn 0.3424 -0.8300 -0.4404
vn 0.3681 -0.8292 -0.4207
vn 0.3168 -0.8736 -0.3694
vn 0.5797 0.3665 -0.7278
vn 0.5499 0.4719 -0.6891
vn 0.6220 0.4695 -0.6266
vn 0.6532 0.3643 -0.6638
vn -0.1093 0.9849 0.1345
vn -0.0525 0.9957 0.0762
vn 0.2101 -0.9421 -0.2614
vn 0.6156 0.1404 -0.7754
vn 0.6018 0.2552 -0.7568
vn 0.6757 0.2534 -0.6923
vn 0.6890 0.1390 -0.7113
vn -0.0010 0.9999 0.0114
vn -0.0385 0.9956 0.0850
vn 0.0189 0.9995 0.0254
vn 0.6182 -0.0896 -0.7809
vn 0.6210 0.0247 -0.7834
vn 0.6929 0.0236 -0.7206
vn 0.6877 -0.0903 -0.7203
vn 0.1053 0.9868 -0.1229
vn 0.0518 0.9971 -0.0553
vn 0.0777 0.9963 -0.0360
vn 0.1371 0.9857 -0.0983
vn 0.5899 -0.3054 -0.7475
vn 0.6075 -0.2002 -0.7686
vn 0.6740 -0.2006 -0.7110
vn 0.6526 -0.3055 -0.6934
vn 0.2139 0.9415 -0.2604
vn 0.1594 0.9685 -0.1914
vn 0.1971 0.9670 -0.1616
vn 0.2572 0.9397 -0.2254
vn 0.5373 -0.4948 -0.6830
vn 0.5662 -0.4039 -0.7185
vn 0.6245 -0.4037 -0.6686
vn 0.5908 -0.4944 -0.6376
vn 0.3219 0.8592 -0.3976
vn 0.2682 0.9053 -0.3294
vn 0.3170 0.9032 -0.2894
vn 0.3759 0.8569 -0.3528
vn 0.4674 -0.6526 -0.5964
vn 0.5041 -0.5777 -0.6419
vn 0.5525 -0.5772 -0.6014
vn 0.5103 -0.6519 -0.5609
vn 0.4243 0.7356 -0.5281
vn 0.3743 0.8028 -0.4642
vn 0.4330 0.8002 -0.4149
vn 0.4874 0.7330 -0.4745
vn 0.3861 -0.7784 -0.4950
vn 0.4279 -0.7194 -0.5472
vn 0.4652 -0.7186 -0.5169
vn 0.4176 -0.7777 -0.4700
vn 0.5133 0.5695 -0.6420
vn 0.4711 0.6577 -0.5878
vn 0.5379 0.6550 -0.5307
vn 0.5832 0.5669 -0.5818
vn 0.2939 0.9380 -0.1836
vn 0.2284 0.9655 -0.1252
vn 0.2597 0.9616 -0.0889
vn 0.3297 0.9335 -0.1412
vn 0.6382 -0.4992 -0.5861
vn 0.6766 -0.4087 -0.6125
vn 0.7244 -0.4123 -0.5525
vn 0.6821 -0.5023 -0.5315
vn 0.4228 0.8549 -0.3007
vn 0.3589 0.9014 -0.2423
vn 0.3991 0.8961 -0.1939
vn 0.4672 0.8491 -0.2467
vn 0.5474 -0.6560 -0.5196
vn 0.5948 -0.5817 -0.5549
vn 0.6346 -0.5842 -0.5059
vn 0.5828 -0.6581 -0.4766
vn 0.5434 0.7304 -0.4137
vn 0.4847 0.7980 -0.3582
vn 0.5329 0.7917 -0.2988
vn 0.5951 0.7237 -0.3494
vn 0.4438 -0.7809 -0.4396
vn 0.4969 -0.7224 -0.4810
vn 0.5278 -0.7240 -0.4442
vn 0.4700 -0.7821 -0.4091
vn 0.6462 0.5637 -0.5144
vn 0.5978 0.6522 -0.4662
vn 0.6524 0.6452 -0.3976
vn 0.7033 0.5566 -0.4423
vn 0.3318 -0.8759 -0.3503
vn 0.3886 -0.8320 -0.3959
vn 0.4102 -0.8328 -0.3718
vn 0.3486 -0.8763 -0.3325
vn 0.7200 0.3604 -0.5930
vn 0.6874 0.4660 -0.5571
vn 0.7463 0.4588 -0.4823
vn 0.7800 0.3535 -0.5165
vn -0.0963 0.9848 0.1448
vn -0.0292 0.9947 0.0986
vn 0.2209 -0.9430 -0.2489
vn 0.7560 0.1344 -0.6406
vn 0.7431 0.2491 -0.6211
vn 0.8034 0.2424 -0.5439
vn 0.8158 0.1281 -0.5640
vn 0.0337 0.9984 0.0447
vn -0.0171 0.9938 0.1098
vn 0.0506 0.9968 0.0622
vn 0.7510 -0.0954 -0.6533
vn 0.7585 0.0187 -0.6514
vn 0.8172 0.0129 -0.5762
vn 0.8078 -0.1006 -0.5808
vn 0.1630 0.9843 -0.0675
vn 0.0980 0.9951 -0.0108
vn 0.1198 0.9927 0.0130
vn 0.1895 0.9812 -0.0374
vn 0.7090 -0.3106 -0.6331
vn 0.7342 -0.2057 -0.6470
vn 0.7885 -0.2104 -0.5779
vn 0.7603 -0.3147 -0.5683
vn 0.8320 0.3448 -0.4345
vn 0.7971 0.4507 -0.4019
vn 0.8404 0.4391 -0.3176
vn 0.8761 0.3333 -0.3483
vn -0.0856 0.9838 0.1573
vn -0.0106 0.9921 0.1249
vn 0.2290 -0.9447 -0.2346
vn 0.8680 0.1188 -0.4822
vn 0.8559 0.2334 -0.4615
vn 0.9002 0.2221 -0.3747
vn 0.9119 0.1079 -0.3959
vn 0.0615 0.9946 0.0840
vn -0.0009 0.9904 0.1382
vn 0.0747 0.9917 0.1043
vn 0.8571 -0.1101 -0.5033
vn 0.8682 0.0035 -0.4961
vn 0.9114 -0.0068 -0.4115
vn 0.8988 -0.1197 -0.4216
vn 0.2090 0.9779 -0.0024
vn 0.1350 0.9900 0.0414
vn 0.1517 0.9860 0.0688
vn 0.2293 0.9728 0.0320
vn 0.8041 -0.3238 -0.4986
vn 0.8353 -0.2198 -0.5040
vn 0.8753 -0.2286 -0.4261
vn 0.8419 -0.3318 -0.4255
vn 0.3577 0.9292 -0.0933
vn 0.2834 0.9578 -0.0473
vn 0.3071 0.9517 -0.0060
vn 0.3846 0.9220 -0.0450
vn 0.7187 -0.5104 -0.4722
vn 0.7648 -0.4209 -0.4878
vn 0.8002 -0.4281 -0.4201
vn 0.7514 -0.5168 -0.4104
vn 0.5033 0.8437 -0.1868
vn 0.4313 0.8913 -0.1399
vn 0.4614 0.8831 -0.0850
vn 0.5364 0.8346 -0.1256
vn 0.6113 -0.6649 -0.4292
vn 0.6672 -0.5917 -0.4524
vn 0.6969 -0.5973 -0.3970
vn 0.6378 -0.6697 -0.3805
vn 0.6385 0.7172 -0.2792
vn 0.5728 0.7857 -0.2335
vn 0.6087 0.7758 -0.1663
vn 0.6768 0.7066 -0.2066
vn 0.4898 -0.7873 -0.3744
vn 0.5519 -0.7300 -0.4031
vn 0.5752 -0.7339 -0.3612
vn 0.5097 -0.7905 -0.3396
vn 0.7522 0.5490 -0.3644
vn 0.6988 0.6381 -0.3232
vn 0.7392 0.6270 -0.2458
vn 0.7943 0.5375 -0.2831
vn 0.3596 -0.8797 -0.3110
vn 0.4256 -0.8371 -0.3437
vn 0.4421 -0.8395 -0.3160
vn 0.3726 -0.8814 -0.2905
vn 0.7757 -0.5280 -0.3456
vn 0.8272 -0.4402 -0.3492
vn 0.8488 -0.4507 -0.2763
vn 0.7958 -0.5374 -0.2790
vn 0.5604 0.8260 -0.0602
vn 0.4826 0.8755 -0.0261
vn 0.5014 0.8646 0.0331
vn 0.5809 0.8139 0.0058
vn 0.6565 -0.6789 -0.3289
vn 0.7185 -0.6076 -0.3387
vn 0.7369 -0.6158 -0.2789
vn 0.6731 -0.6860 -0.2762
vn 0.7058 0.6964 -0.1298
vn 0.6353 0.7664 -0.0949
vn 0.6574 0.7532 -0.0226
vn 0.7292 0.6823 -0.0517
vn 0.5224 -0.7974 -0.3020
vn 0.5909 -0.7421 -0.3166
vn 0.6057 -0.7481 -0.2712
vn 0.5353 -0.8023 -0.2642
vn 0.8273 0.5258 -0.1977
vn 0.7704 0.6160 -0.1643
vn 0.7950 0.6012 -0.0811
vn 0.8528 0.5104 -0.1104
vn 0.3792 -0.8858 -0.2674
vn 0.4517 -0.8452 -0.2856
vn 0.4626 -0.8490 -0.2554
vn 0.3881 -0.8885 -0.2448
vn 0.9114 0.3203 -0.2584
vn 0.8748 0.4267 -0.2294
vn 0.9010 0.4111 -0.1389
vn 0.9379 0.3047 -0.1659
vn -0.0774 0.9821 0.1715
vn 0.0026 0.9880 0.1541
vn 0.2343 -0.9472 -0.2191
vn 0.9473 0.0943 -0.3061
vn 0.9358 0.2087 -0.2842
vn 0.9624 0.1933 -0.1910
vn 0.9737 0.0793 -0.2134
vn 0.0811 0.9885 0.1276
vn 0.0095 0.9856 0.1689
vn 0.0902 0.9846 0.1499
vn 0.9322 -0.1333 -0.3366
vn 0.9460 -0.0205 -0.3236
vn 0.9719 -0.0348 -0.2328
vn 0.9573 -0.1468 -0.2489
vn 0.2416 0.9678 0.0700
vn 0.1611 0.9819 0.0995
vn 0.1723 0.9765 0.1294
vn 0.2548 0.9610 0.1074
vn 0.8714 -0.3446 -0.3492
vn 0.9069 -0.2419 -0.3451
vn 0.9311 -0.2544 -0.2614
vn 0.8944 -0.3561 -0.2706
vn 0.4029 0.9152 0.0071
vn 0.3224 0.9458 0.0392
vn 0.3376 0.9375 0.0840
vn 0.4200 0.9056 0.0593
vn -0.0722 0.9797 0.1870
vn 0.0098 0.9827 0.1852
vn 0.2364 -0.9502 -0.2031
vn 0.9910 0.0618 -0.1191
vn 0.9797 0.1760 -0.0960
vn 0.9876 0.1571 -0.0000
vn 0.9988 0.0433 -0.0238
vn 0.0919 0.9805 0.1739
vn 0.0138 0.9795 0.2009
vn 0.0964 0.9756 0.1974
vn 0.9734 -0.1640 -0.1597
vn 0.9887 -0.0523 -0.1405
vn 0.9964 -0.0701 -0.0470
vn 0.9811 -0.1809 -0.0693
vn 0.2596 0.9545 0.1469
vn 0.1755 0.9712 0.1611
vn 0.1806 0.9646 0.1924
vn 0.2651 0.9461 0.1858
vn 0.9084 -0.3721 -0.1906
vn 0.9462 -0.2712 -0.1764
vn 0.9537 -0.2869 -0.0902
vn 0.9157 -0.3867 -0.1094
vn 0.4278 0.8967 0.1137
vn 0.3439 0.9298 0.1310
vn 0.3499 0.9198 0.1776
vn 0.4343 0.8850 0.1677
vn 0.8071 -0.5513 -0.2112
vn 0.8615 -0.4658 -0.2021
vn 0.8686 -0.4790 -0.1269
vn 0.8139 -0.5633 -0.1424
vn 0.5917 0.8027 0.0742
vn 0.5108 0.8545 0.0947
vn 0.5177 0.8412 0.1560
vn 0.5990 0.7880 0.1424
vn 0.6813 -0.6974 -0.2223
vn 0.7466 -0.6285 -0.2179
vn 0.7531 -0.6391 -0.1560
vn 0.6874 -0.7066 -0.1677
vn 0.7428 0.6689 0.0288
vn 0.6696 0.7409 0.0522
vn 0.6771 0.7249 0.1269
vn 0.7505 0.6517 0.1094
vn 0.5403 -0.8108 -0.2252
vn 0.6123 -0.7580 -0.2247
vn 0.6180 -0.7658 -0.1776
vn 0.5456 -0.8172 -0.1858
vn 0.8686 0.4950 -0.0208
vn 0.8098 0.5867 0.0044
vn 0.8176 0.5687 0.0902
vn 0.8765 0.4763 0.0693
vn 0.3900 -0.8939 -0.2211
vn 0.4661 -0.8559 -0.2240
vn 0.4709 -0.8609 -0.1924
vn 0.3943 -0.8975 -0.1974
vn 0.9550 0.2879 -0.0715
vn 0.9176 0.3949 -0.0462
vn 0.9255 0.3758 0.0470
vn 0.9629 0.2687 0.0238
vn 0.5962 0.7745 0.2112
vn 0.5148 0.8292 0.2179
vn 0.5095 0.8140 0.2789
vn 0.5898 0.7578 0.2790
vn 0.6849 -0.7197 -0.1137
vn 0.7507 -0.6539 -0.0947
vn 0.7449 -0.6663 -0.0331
vn 0.6802 -0.7306 -0.0593
vn 0.7481 0.6356 0.1906
vn 0.6745 0.7101 0.2021
vn 0.6671 0.6918 0.2763
vn 0.7398 0.6161 0.2706
vn 0.5429 -0.8269 -0.1469
vn 0.6154 -0.7773 -0.1310
vn 0.6118 -0.7865 -0.0840
vn 0.5404 -0.8345 -0.1074
vn 0.8745 0.4580 0.1597
vn 0.8154 0.5514 0.1764
vn 0.8062 0.5307 0.2614
vn 0.8646 0.4366 0.2489
vn 0.3916 -0.9036 -0.1739
vn 0.4682 -0.8688 -0.1611
vn 0.4667 -0.8749 -0.1294
vn 0.3912 -0.9080 -0.1499
vn 0.9612 0.2487 0.1191
vn 0.9237 0.3565 0.1405
vn 0.9131 0.3347 0.2328
vn 0.9503 0.2267 0.2134
vn -0.0701 0.9767 0.2031
vn 0.0108 0.9762 0.2168
vn 0.2353 -0.9538 -0.1870
vn 0.9972 0.0226 0.0715
vn 0.9860 0.1366 0.0960
vn 0.9749 0.1148 0.1910
vn 0.9861 0.0013 0.1659
vn 0.0935 0.9708 0.2211
vn 0.0116 0.9724 0.2329
vn 0.0933 0.9651 0.2448
vn 0.9793 -0.2011 0.0208
vn 0.9948 -0.0907 0.0462
vn 0.9840 -0.1112 0.1389
vn 0.9691 -0.2206 0.1104
vn 0.2621 0.9384 0.2252
vn 0.1776 0.9583 0.2240
vn 0.1764 0.9506 0.2554
vn 0.2599 0.9288 0.2642
vn 0.9137 -0.4054 -0.0288
vn 0.9519 -0.3065 -0.0044
vn 0.9423 -0.3248 0.0811
vn 0.9049 -0.4224 0.0517
vn 0.4313 0.8744 0.2223
vn 0.3469 0.9106 0.2247
vn 0.3437 0.8991 0.2712
vn 0.4271 0.8610 0.2762
vn 0.8116 -0.5795 -0.0742
vn 0.8664 -0.4966 -0.0522
vn 0.8586 -0.5121 0.0226
vn 0.8048 -0.5935 -0.0058
vn 0.9658 -0.0218 0.2584
vn 0.9544 0.0919 0.2842
vn 0.9247 0.0681 0.3747
vn 0.9363 -0.0450 0.3483
vn 0.0857 0.9598 0.2674
vn 0.0056 0.9688 0.2478
vn 0.0032 0.9646 0.2636
vn 0.0808 0.9535 0.2905
vn 0.9496 -0.2431 0.1977
vn 0.9640 -0.1342 0.2294
vn 0.9352 -0.1567 0.3176
vn 0.9219 -0.2646 0.2831
vn 0.2492 0.9201 0.3020
vn 0.1672 0.9436 0.2856
vn 0.1598 0.9352 0.3160
vn 0.2393 0.9096 0.3396
vn 0.8870 -0.4431 0.1298
vn 0.9235 -0.3466 0.1643
vn 0.8973 -0.3667 0.2458
vn 0.8626 -0.4618 0.2066
vn 0.4134 0.8491 0.3289
vn 0.3315 0.8888 0.3166
vn 0.3191 0.8762 0.3612
vn 0.3986 0.8345 0.3805
vn 0.7890 -0.6114 0.0602
vn 0.8417 -0.5315 0.0949
vn 0.8193 -0.5487 0.1663
vn 0.7689 -0.6269 0.1256
vn 0.5736 0.7426 0.3456
vn 0.4945 0.8005 0.3387
vn 0.4772 0.7840 0.3970
vn 0.5539 0.7244 0.4104
vn 0.6670 -0.7450 -0.0071
vn 0.7304 -0.6825 0.0261
vn 0.7126 -0.6964 0.0850
vn 0.6517 -0.7571 0.0450
vn 0.7215 0.5979 0.3492
vn 0.6498 0.6751 0.3492
vn 0.6279 0.6553 0.4201
vn 0.6974 0.5767 0.4255
vn 0.5300 -0.8451 -0.0700
vn 0.6000 -0.7991 -0.0392
vn 0.5872 -0.8094 0.0060
vn 0.5198 -0.8537 -0.0320
vn 0.8448 0.4159 0.3366
vn 0.7871 0.5113 0.3451
vn 0.7612 0.4889 0.4261
vn 0.8173 0.3927 0.4216
vn 0.3838 -0.9146 -0.1276
vn 0.4578 -0.8835 -0.0995
vn 0.4502 -0.8903 -0.0688
vn 0.3787 -0.9196 -0.1043
vn 0.9298 0.2043 0.3061
vn 0.8929 0.3130 0.3236
vn 0.8643 0.2892 0.4115
vn 0.9004 0.1803 0.3959
vn -0.0711 0.9731 0.2191
vn 0.2311 -0.9577 -0.1715
vn 0.6283 -0.7723 0.0933
vn 0.6866 -0.7135 0.1399
vn 0.6575 -0.7281 0.1939
vn 0.6030 -0.7851 0.1412
vn 0.6639 0.5573 0.4986
vn 0.5964 0.6374 0.4878
vn 0.5608 0.6167 0.5525
vn 0.6251 0.5351 0.5683
vn 0.5021 -0.8648 0.0024
vn 0.5666 -0.8226 0.0473
vn 0.5452 -0.8336 0.0889
vn 0.4846 -0.8739 0.0374
vn 0.7806 0.3706 0.5033
vn 0.7259 0.4681 0.5040
vn 0.6843 0.4447 0.5779
vn 0.7367 0.3463 0.5808
vn 0.3670 -0.9264 -0.0840
vn 0.4355 -0.8993 -0.0414
vn 0.4219 -0.9066 -0.0130
vn 0.3574 -0.9319 -0.0622
vn 0.8620 0.1564 0.4822
vn 0.8265 0.2661 0.4961
vn 0.7809 0.2412 0.5762
vn 0.8153 0.1314 0.5640
vn -0.0754 0.9692 0.2346
vn -0.0056 0.9608 0.2771
vn 0.2239 -0.9618 -0.1573
vn 0.8980 -0.0697 0.4345
vn 0.8861 0.0437 0.4615
vn 0.8389 0.0188 0.5439
vn 0.8511 -0.0940 0.5165
vn 0.0689 0.9479 0.3110
vn -0.0111 0.9564 0.2920
vn 0.0595 0.9412 0.3325
vn 0.8854 -0.2885 0.3644
vn 0.8976 -0.1811 0.4019
vn 0.8518 -0.2047 0.4823
vn 0.8413 -0.3109 0.4423
vn 0.2213 0.9004 0.3744
vn 0.1449 0.9279 0.3437
vn 0.1315 0.9190 0.3718
vn 0.2041 0.8894 0.4091
vn 0.8295 -0.4837 0.2792
vn 0.8623 -0.3898 0.3232
vn 0.8204 -0.4109 0.3976
vn 0.7903 -0.5034 0.3494
vn 0.3748 0.8218 0.4292
vn 0.2982 0.8652 0.4031
vn 0.2771 0.8520 0.4442
vn 0.3499 0.8065 0.4766
vn 0.7403 -0.6459 0.1868
vn 0.7884 -0.5692 0.2335
vn 0.7522 -0.5872 0.2988
vn 0.7076 -0.6622 0.2467
vn 0.5249 0.7082 0.4722
vn 0.4507 0.7695 0.4524
vn 0.4220 0.7523 0.5059
vn 0.4926 0.6891 0.5315
vn 0.7892 -0.3354 0.5144
vn 0.7980 -0.2297 0.5571
vn 0.7370 -0.2533 0.6266
vn 0.7303 -0.3580 0.5818
vn 0.1796 0.8801 0.4396
vn 0.1113 0.9115 0.3959
vn 0.0926 0.9024 0.4207
vn 0.1557 0.8688 0.4700
vn 0.7432 -0.5258 0.4137
vn 0.7706 -0.4345 0.4662
vn 0.7146 -0.4558 0.5307
vn 0.6908 -0.5456 0.4745
vn 0.3169 0.7935 0.5196
vn 0.2482 0.8409 0.4810
vn 0.2193 0.8275 0.5169
vn 0.2829 0.7781 0.5609
vn 0.6672 -0.6815 0.3007
vn 0.7084 -0.6082 0.3582
vn 0.6599 -0.6264 0.4149
vn 0.6232 -0.6980 0.3528
vn 0.4518 0.6726 0.5861
vn 0.3850 0.7375 0.5549
vn 0.3461 0.7201 0.6014
vn 0.4082 0.6533 0.6376
vn 0.5704 -0.8006 0.1836
vn 0.6209 -0.7455 0.2423
vn 0.5816 -0.7603 0.2894
vn 0.5360 -0.8135 0.2254
vn 0.5777 0.5152 0.6331
vn 0.5165 0.5984 0.6125
vn 0.4684 0.5775 0.6686
vn 0.5256 0.4929 0.6934
vn 0.4603 -0.8852 0.0675
vn 0.5167 -0.8470 0.1252
vn 0.4874 -0.8581 0.1616
vn 0.4362 -0.8945 0.0983
vn 0.6844 0.3237 0.6533
vn 0.6342 0.4233 0.6470
vn 0.5785 0.3998 0.7110
vn 0.6258 0.2992 0.7203
vn 0.3418 -0.9387 -0.0447
vn 0.4019 -0.9156 0.0108
vn 0.3830 -0.9231 0.0360
vn 0.3281 -0.9443 -0.0254
vn 0.7604 0.1068 0.6406
vn 0.7269 0.2175 0.6514
vn 0.6661 0.1926 0.7206
vn 0.6981 0.0817 0.7113
vn -0.0826 0.9650 0.2489
vn -0.0225 0.9526 0.3034
vn 0.2139 -0.9661 -0.1448
vn 0.7963 -0.1192 0.5930
vn 0.7837 -0.0062 0.6211
vn 0.7210 -0.0312 0.6923
vn 0.7340 -0.1437 0.6638
vn 0.0437 0.9356 0.3503
vn -0.0309 0.9480 0.3168
vn 0.0302 0.9288 0.3694
vn 0.4063 -0.9055 0.1229
vn 0.4520 -0.8712 0.1914
vn 0.4160 -0.8820 0.2213
vn 0.3764 -0.9145 0.1483
vn 0.5599 0.2770 0.7809
vn 0.5154 0.3788 0.7686
vn 0.4479 0.3560 0.8202
vn 0.4888 0.2533 0.8348
vn 0.3093 -0.9509 -0.0114
vn 0.3586 -0.9319 0.0553
vn 0.3349 -0.9392 0.0761
vn 0.2919 -0.9564 0.0049
vn 0.6288 0.0575 0.7754
vn 0.5980 0.1692 0.7834
vn 0.5243 0.1450 0.8391
vn 0.5534 0.0332 0.8322
vn -0.0925 0.9608 0.2614
vn -0.0443 0.9444 0.3257
vn 0.2017 -0.9702 -0.1345
vn 0.6648 -0.1686 0.7278
vn 0.6513 -0.0559 0.7568
vn 0.5753 -0.0801 0.8140
vn 0.5893 -0.1922 0.7847
vn 0.0111 0.9234 0.3837
vn -0.0553 0.9398 0.3372
vn -0.0060 0.9167 0.3996
vn 0.6647 -0.3821 0.6420
vn 0.6692 -0.2780 0.6891
vn 0.5952 -0.3009 0.7451
vn 0.5933 -0.4039 0.6963
vn 0.1255 0.8598 0.4950
vn 0.0680 0.8952 0.4404
vn 0.0446 0.8863 0.4609
vn 0.0959 0.8488 0.5200
vn 0.6316 -0.5676 0.5281
vn 0.6519 -0.4791 0.5878
vn 0.5840 -0.4996 0.6398
vn 0.5679 -0.5868 0.5772
vn 0.2419 0.7654 0.5964
vn 0.1836 0.8166 0.5472
vn 0.1479 0.8036 0.5766
vn 0.2001 0.7503 0.6300
vn 0.5726 -0.7169 0.3976
vn 0.6049 -0.6470 0.4642
vn 0.5459 -0.6646 0.5101
vn 0.5190 -0.7329 0.4399
vn 0.3573 0.6371 0.6830
vn 0.3000 0.7056 0.6419
vn 0.2524 0.6887 0.6797
vn 0.3040 0.6184 0.7247
vn 0.4954 -0.8287 0.2604
vn 0.5359 -0.7774 0.3294
vn 0.4879 -0.7917 0.3677
vn 0.4533 -0.8413 0.2946
vn 0.4660 0.4734 0.7475
vn 0.4130 0.5596 0.7185
vn 0.3544 0.5393 0.7639
vn 0.4027 0.4517 0.7961
vn 0.0612 0.8404 0.5385
vn 0.0164 0.8797 0.4753
vn -0.0108 0.8713 0.4907
vn 0.0270 0.8300 0.5571
vn 0.4989 -0.6077 0.6179
vn 0.5107 -0.5216 0.6834
vn 0.4335 -0.5406 0.7210
vn 0.4263 -0.6254 0.6536
vn 0.1527 0.7385 0.6567
vn 0.1067 0.7934 0.5992
vn 0.0657 0.7811 0.6209
vn 0.1049 0.7244 0.6814
vn 0.4602 -0.7509 0.4737
vn 0.4818 -0.6842 0.5475
vn 0.4146 -0.7004 0.5809
vn 0.3990 -0.7657 0.5046
vn 0.2448 0.6032 0.7591
vn 0.1989 0.6751 0.7104
vn 0.1444 0.6592 0.7379
vn 0.1840 0.5857 0.7894
vn 0.4063 -0.8556 0.3208
vn 0.4348 -0.8079 0.3978
vn 0.3799 -0.8211 0.4259
vn 0.3580 -0.8673 0.3460
vn 0.3333 0.4333 0.8373
vn 0.2899 0.5225 0.8019
vn 0.2232 0.5035 0.8347
vn 0.2612 0.4131 0.8724
vn 0.3420 -0.9249 0.1665
vn 0.3752 -0.8944 0.2435
vn 0.3338 -0.9045 0.2656
vn 0.3075 -0.9333 0.1854
vn 0.4118 0.2323 0.8812
vn 0.3743 0.3362 0.8642
vn 0.2974 0.3150 0.9013
vn 0.3310 0.2103 0.9199
vn 0.2705 -0.9626 0.0149
vn 0.3070 -0.9474 0.0902
vn 0.2796 -0.9543 0.1060
vn 0.2502 -0.9678 0.0273
vn 0.4724 0.0103 0.8813
vn 0.4448 0.1230 0.8871
vn 0.3611 0.1005 0.9271
vn 0.3868 -0.0123 0.9221
vn -0.1048 0.9567 0.2716
vn -0.0703 0.9366 0.3433
vn 0.1876 -0.9740 -0.1269
vn 0.5084 -0.2158 0.8337
vn 0.4938 -0.1034 0.8634
vn 0.4075 -0.1258 0.9045
vn 0.4227 -0.2377 0.8746
vn -0.0276 0.9117 0.4099
vn -0.0834 0.9321 0.3524
vn -0.0477 0.9053 0.4221
vn 0.5166 -0.4268 0.7423
vn 0.5160 -0.3242 0.7929
vn 0.4320 -0.3454 0.8331
vn 0.4355 -0.4469 0.7814
vn 0.2459 0.1913 0.9502
vn 0.2162 0.2972 0.9300
vn 0.1329 0.2783 0.9513
vn 0.1585 0.1718 0.9723
vn 0.2271 -0.9733 0.0329
vn 0.2492 -0.9617 0.1142
vn 0.2191 -0.9678 0.1243
vn 0.2046 -0.9780 0.0412
vn 0.2972 -0.0330 0.9543
vn 0.2731 0.0806 0.9586
vn 0.1826 0.0607 0.9813
vn 0.2046 -0.0529 0.9774
vn -0.1189 0.9528 0.2792
vn -0.0994 0.9294 0.3554
vn 0.1721 -0.9775 -0.1222
vn 0.3331 -0.2590 0.9066
vn 0.3173 -0.1470 0.9369
vn 0.2241 -0.1667 0.9602
vn 0.2405 -0.2783 0.9299
vn -0.0710 0.9010 0.4280
vn -0.1141 0.9253 0.3617
vn -0.0933 0.8951 0.4360
vn 0.3507 -0.4677 0.8113
vn 0.3443 -0.3666 0.8643
vn 0.2535 -0.3852 0.8873
vn 0.2630 -0.4854 0.8338
vn -0.0108 0.8226 0.5685
vn -0.0414 0.8654 0.4993
vn -0.0713 0.8578 0.5091
vn -0.0483 0.8132 0.5800
vn 0.3502 -0.6444 0.6798
vn 0.3526 -0.5607 0.7492
vn 0.2690 -0.5773 0.7709
vn 0.2716 -0.6599 0.7006
vn 0.0528 0.7138 0.6983
vn 0.0206 0.7722 0.6351
vn -0.0242 0.7611 0.6482
vn 0.0007 0.7011 0.7130
vn 0.3342 -0.7820 0.5261
vn 0.3439 -0.7182 0.6049
vn 0.2711 -0.7324 0.6245
vn 0.2677 -0.7949 0.5444
vn 0.1189 0.5721 0.8115
vn 0.0857 0.6472 0.7575
vn 0.0264 0.6329 0.7738
vn 0.0528 0.5564 0.8292
vn 0.3064 -0.8803 0.3623
vn 0.3216 -0.8358 0.4449
vn 0.2619 -0.8475 0.4618
vn 0.2538 -0.8905 0.3776
vn 0.1846 0.3966 0.8992
vn 0.1520 0.4885 0.8592
vn 0.0796 0.4715 0.8783
vn 0.1064 0.3786 0.9194
vn 0.2699 -0.9426 0.1964
vn 0.2891 -0.9157 0.2793
vn 0.2439 -0.9245 0.2929
vn 0.2322 -0.9501 0.2083
vn 0.1912 -0.6763 0.7114
vn 0.1835 -0.5946 0.7828
vn 0.0967 -0.6083 0.7878
vn 0.1096 -0.6890 0.7164
vn -0.0539 0.6924 0.7195
vn -0.0714 0.7537 0.6533
vn -0.1184 0.7442 0.6574
vn -0.1084 0.6815 0.7237
vn 0.1995 -0.8090 0.5529
vn 0.1965 -0.7478 0.6342
vn 0.1208 -0.7594 0.6393
vn 0.1304 -0.8196 0.5579
vn -0.0158 0.5450 0.8383
vn -0.0354 0.6229 0.7815
vn -0.0971 0.6107 0.7859
vn -0.0846 0.5317 0.8427
vn 0.1996 -0.9017 0.3835
vn 0.2005 -0.8602 0.4690
vn 0.1383 -0.8697 0.4739
vn 0.1448 -0.9101 0.3883
vn 0.0256 0.3647 0.9308
vn 0.0046 0.4588 0.8885
vn -0.0707 0.4445 0.8930
vn -0.0556 0.3495 0.9353
vn 0.1929 -0.9581 0.2117
vn 0.1970 -0.9341 0.2976
vn 0.1497 -0.9414 0.3022
vn 0.1534 -0.9643 0.2160
vn 0.0685 0.1557 0.9854
vn 0.0471 0.2632 0.9636
vn -0.0393 0.2473 0.9681
vn -0.0222 0.1393 0.9900
vn 0.1807 -0.9826 0.0421
vn 0.1874 -0.9741 0.1265
vn 0.1557 -0.9791 0.1305
vn 0.1569 -0.9865 0.0459
vn 0.1098 -0.0706 0.9914
vn 0.0896 0.0437 0.9950
vn -0.0043 0.0271 0.9996
vn 0.0139 -0.0872 0.9961
vn -0.1344 0.9494 0.2839
vn -0.1305 0.9232 0.3616
vn 0.1559 -0.9804 -0.1206
vn 0.1458 -0.2966 0.9438
vn 0.1287 -0.1849 0.9743
vn 0.0320 -0.2013 0.9790
vn 0.0497 -0.3126 0.9486
vn -0.1174 0.8917 0.4372
vn -0.1463 0.9195 0.3648
vn -0.1410 0.8865 0.4406
vn 0.1734 -0.5034 0.8465
vn 0.1607 -0.4035 0.9008
vn 0.0666 -0.4188 0.9056
vn 0.0824 -0.5179 0.8515
vn -0.0879 0.8071 0.5838
vn -0.1032 0.8530 0.5116
vn -0.1346 0.8464 0.5153
vn -0.1271 0.7990 0.5877
vn 0.1331 -0.9902 0.0421
vn 0.1240 -0.9842 0.1265
vn 0.0920 -0.9880 0.1243
vn 0.1089 -0.9932 0.0412
vn -0.0825 -0.1012 0.9914
vn -0.0988 0.0138 0.9950
vn -0.1924 0.0011 0.9813
vn -0.1781 -0.1138 0.9774
vn -0.1505 0.9465 0.2855
vn -0.1624 0.9181 0.3616
vn 0.1397 -0.9826 -0.1222
vn -0.0465 -0.3272 0.9438
vn -0.0649 -0.2157 0.9743
vn -0.1613 -0.2280 0.9602
vn -0.1423 -0.3392 0.9299
vn -0.1650 0.8841 0.4372
vn -0.1786 0.9150 0.3617
vn -0.1890 0.8799 0.4360
vn -0.0086 -0.5323 0.8465
vn -0.0276 -0.4334 0.9008
vn -0.1215 -0.4448 0.8873
vn -0.0994 -0.5431 0.8338
vn -0.1669 0.7946 0.5838
vn -0.1666 0.8429 0.5116
vn -0.1984 0.8375 0.5091
vn -0.2064 0.7881 0.5800
vn 0.0281 -0.7023 0.7114
vn 0.0100 -0.6222 0.7828
vn -0.0766 -0.6323 0.7709
vn -0.0535 -0.7116 0.7006
vn -0.1635 0.6750 0.7195
vn -0.1659 0.7387 0.6533
vn -0.2131 0.7310 0.6482
vn -0.2182 0.6663 0.7130
vn 0.0613 -0.8310 0.5529
vn 0.0452 -0.7719 0.6342
vn -0.0305 -0.7804 0.6245
vn -0.0079 -0.8388 0.5444
vn -0.1540 0.5230 0.8383
vn -0.1596 0.6031 0.7815
vn -0.2215 0.5935 0.7738
vn -0.2228 0.5126 0.8292
vn 0.0900 -0.9191 0.3835
vn 0.0763 -0.8799 0.4690
vn 0.0140 -0.8869 0.4618
vn 0.0350 -0.9253 0.3776
vn -0.1375 0.3387 0.9308
vn -0.1467 0.4348 0.8885
vn -0.2219 0.4235 0.8783
vn -0.2186 0.3269 0.9194
vn 0.1139 -0.9707 0.2117
vn 0.1025 -0.9492 0.2976
vn 0.0550 -0.9545 0.2929
vn 0.0740 -0.9753 0.2083
vn -0.1135 0.1268 0.9854
vn -0.1264 0.2356 0.9636
vn -0.2127 0.2233 0.9513
vn -0.2039 0.1142 0.9723
vn -0.2717 0.6622 0.6983
vn -0.2592 0.7277 0.6351
vn -0.3048 0.7222 0.6209
vn -0.3244 0.6561 0.6814
vn -0.0751 -0.8471 0.5261
vn -0.1041 -0.7894 0.6049
vn -0.1769 -0.7945 0.5809
vn -0.1417 -0.8517 0.5046
vn -0.2905 0.5070 0.8115
vn -0.2823 0.5887 0.7575
vn -0.3419 0.5819 0.7379
vn -0.3566 0.4997 0.7894
vn -0.0182 -0.9319 0.3623
vn -0.0464 -0.8944 0.4449
vn -0.1064 -0.8985 0.4259
vn -0.0713 -0.9355 0.3460
vn -0.2986 0.3198 0.8992
vn -0.2960 0.4172 0.8592
vn -0.3684 0.4094 0.8347
vn -0.3764 0.3117 0.8724
vn 0.0359 -0.9799 0.1964
vn 0.0093 -0.9602 0.2793
vn -0.0367 -0.9634 0.2656
vn -0.0028 -0.9826 0.1854
vn -0.2931 0.1056 0.9502
vn -0.2977 0.2155 0.9300
vn -0.3804 0.2071 0.9013
vn -0.3799 0.0972 0.9199
vn 0.0861 -0.9957 0.0329
vn 0.0615 -0.9915 0.1142
vn 0.0303 -0.9939 0.1060
vn 0.0624 -0.9977 0.0273
vn -0.2723 -0.1235 0.9543
vn -0.2847 -0.0081 0.9586
vn -0.3744 -0.0165 0.9271
vn -0.3639 -0.1317 0.9221
vn -0.1668 0.9442 0.2839
vn -0.1939 0.9144 0.3554
vn 0.1239 -0.9841 -0.1269
vn -0.2363 -0.3496 0.9066
vn -0.2561 -0.2382 0.9369
vn -0.3484 -0.2460 0.9045
vn -0.3281 -0.3571 0.8746
vn -0.2120 0.8786 0.4280
vn -0.2099 0.9120 0.3524
vn -0.2355 0.8754 0.4221
vn -0.1883 -0.5535 0.8113
vn -0.2135 -0.4553 0.8643
vn -0.3035 -0.4624 0.8331
vn -0.2754 -0.5600 0.7814
vn -0.2449 0.7854 0.5685
vn -0.2292 0.8356 0.4993
vn -0.2601 0.8316 0.4907
vn -0.2832 0.7807 0.5571
vn -0.1330 -0.7212 0.6798
vn -0.1612 -0.6424 0.7492
vn -0.2444 -0.6484 0.7210
vn -0.2113 -0.7268 0.6536
vn -0.4523 -0.1368 0.8813
vn -0.4610 -0.0211 0.8871
vn -0.5435 -0.0248 0.8391
vn -0.5364 -0.1402 0.8322
vn -0.1826 0.9427 0.2792
vn -0.2238 0.9122 0.3433
vn 0.1093 -0.9849 -0.1345
vn -0.4163 -0.3628 0.8337
vn -0.4373 -0.2515 0.8634
vn -0.5221 -0.2546 0.8140
vn -0.5006 -0.3656 0.7847
vn -0.2566 0.8753 0.4099
vn -0.2390 0.9106 0.3372
vn -0.2787 0.8733 0.3996
vn -0.3587 -0.5660 0.7423
vn -0.3899 -0.4683 0.7929
vn -0.4725 -0.4707 0.7451
vn -0.4387 -0.5681 0.6963
vn -0.3189 0.7799 0.5385
vn -0.2885 0.8312 0.4753
vn -0.3174 0.8288 0.4609
vn -0.3545 0.7771 0.5200
vn -0.2857 -0.7325 0.6179
vn -0.3237 -0.6544 0.6834
vn -0.4001 -0.6561 0.6398
vn -0.3578 -0.7340 0.5772
vn -0.3743 0.6547 0.6567
vn -0.3476 0.7212 0.5992
vn -0.3899 0.7180 0.5766
vn -0.4231 0.6512 0.6300
vn -0.2045 -0.8566 0.4737
vn -0.2458 -0.7999 0.5475
vn -0.3128 -0.8012 0.5101
vn -0.2660 -0.8578 0.4399
vn -0.4199 0.4975 0.7591
vn -0.3986 0.5801 0.7104
vn -0.4536 0.5764 0.6797
vn -0.4809 0.4935 0.7247
vn -0.1208 -0.9394 0.3208
vn -0.1627 -0.9029 0.3978
vn -0.2182 -0.9040 0.3677
vn -0.1699 -0.9404 0.2946
vn -0.4513 0.3085 0.8373
vn -0.4377 0.4068 0.8019
vn -0.5043 0.4027 0.7639
vn -0.5230 0.3045 0.7961
vn -0.0381 -0.9853 0.1665
vn -0.0792 -0.9667 0.2435
vn -0.1218 -0.9676 0.2213
vn -0.0741 -0.9862 0.1483
vn -0.4635 0.0931 0.8812
vn -0.4601 0.2035 0.8642
vn -0.5362 0.1995 0.8202
vn -0.5432 0.0892 0.8348
vn 0.0415 -0.9990 0.0149
vn 0.0021 -0.9959 0.0902
vn -0.0270 -0.9967 0.0761
vn 0.0192 -0.9998 0.0049
vn -0.3219 -0.8592 0.3976
vn -0.3743 -0.8028 0.4642
vn -0.4330 -0.8002 0.4149
vn -0.3759 -0.8569 0.3528
vn -0.5373 0.4948 0.6830
vn -0.5041 0.5777 0.6419
vn -0.5525 0.5772 0.6014
vn -0.5908 0.4944 0.6376
vn -0.2139 -0.9415 0.2604
vn -0.2682 -0.9053 0.3294
vn -0.3170 -0.9032 0.2894
vn -0.2572 -0.9397 0.2254
vn -0.5899 0.3054 0.7475
vn -0.5662 0.4039 0.7185
vn -0.6245 0.4037 0.6686
vn -0.6526 0.3055 0.6934
vn -0.1053 -0.9868 0.1229
vn -0.1594 -0.9685 0.1914
vn -0.1971 -0.9670 0.1616
vn -0.1371 -0.9857 0.0983
vn -0.6182 0.0896 0.7809
vn -0.6075 0.2002 0.7686
vn -0.6740 0.2006 0.7110
vn -0.6877 0.0903 0.7203
vn 0.0010 -0.9999 -0.0114
vn -0.0518 -0.9971 0.0553
vn -0.0777 -0.9963 0.0360
vn -0.0189 -0.9995 -0.0254
vn -0.6156 -0.1404 0.7754
vn -0.6210 -0.0247 0.7834
vn -0.6929 -0.0236 0.7206
vn -0.6890 -0.1390 0.7113
vn -0.1972 0.9420 0.2716
vn -0.2509 0.9116 0.3257
vn 0.0963 -0.9848 -0.1448
vn -0.5797 -0.3665 0.7278
vn -0.6018 -0.2552 0.7568
vn -0.6757 -0.2534 0.6923
vn -0.6532 -0.3643 0.6638
vn -0.2971 0.8744 0.3837
vn -0.2648 0.9108 0.3168
vn -0.3168 0.8736 0.3694
vn -0.5133 -0.5695 0.6420
vn -0.5499 -0.4719 0.6891
vn -0.6220 -0.4695 0.6266
vn -0.5832 -0.5669 0.5818
vn -0.3861 0.7784 0.4950
vn -0.3424 0.8300 0.4404
vn -0.3681 0.8292 0.4207
vn -0.4176 0.7776 0.4700
vn -0.4243 -0.7356 0.5281
vn -0.4711 -0.6577 0.5878
vn -0.5379 -0.6550 0.5307
vn -0.4874 -0.7330 0.4745
vn -0.4674 0.6526 0.5964
vn -0.4279 0.7194 0.5472
vn -0.4652 0.7186 0.5169
vn -0.5103 0.6519 0.5609
vn 0.0856 -0.9838 -0.1573
vn -0.7200 -0.3604 0.5930
vn -0.7431 -0.2491 0.6211
vn -0.8034 -0.2424 0.5439
vn -0.7800 -0.3534 0.5165
vn -0.3318 0.8759 0.3503
vn -0.2742 0.9126 0.3034
vn -0.2861 0.9126 0.2920
vn -0.3486 0.8763 0.3325
vn -0.6462 -0.5637 0.5144
vn -0.6874 -0.4660 0.5571
vn -0.7463 -0.4588 0.4823
vn -0.7033 -0.5566 0.4423
vn -0.4438 0.7809 0.4396
vn -0.3886 0.8320 0.3959
vn -0.4102 0.8328 0.3718
vn -0.4700 0.7821 0.4091
vn -0.5434 -0.7304 0.4137
vn -0.5978 -0.6522 0.4662
vn -0.6524 -0.6452 0.3976
vn -0.5951 -0.7237 0.3494
vn -0.5474 0.6560 0.5196
vn -0.4969 0.7224 0.4810
vn -0.5278 0.7240 0.4442
vn -0.5828 0.6581 0.4766
vn -0.4228 -0.8549 0.3007
vn -0.4847 -0.7980 0.3582
vn -0.5329 -0.7917 0.2988
vn -0.4672 -0.8491 0.2467
vn -0.6382 0.4992 0.5861
vn -0.5948 0.5817 0.5549
vn -0.6346 0.5842 0.5059
vn -0.6821 0.5023 0.5315
vn -0.2939 -0.9381 0.1836
vn -0.3589 -0.9014 0.2423
vn -0.3991 -0.8961 0.1939
vn -0.3297 -0.9335 0.1412
vn -0.7090 0.3106 0.6331
vn -0.6766 0.4087 0.6125
vn -0.7244 0.4123 0.5525
vn -0.7603 0.3147 0.5683
vn -0.1630 -0.9843 0.0675
vn -0.2284 -0.9655 0.1252
vn -0.2597 -0.9616 0.0889
vn -0.1895 -0.9812 0.0374
vn -0.7510 0.0954 0.6533
vn -0.7342 0.2057 0.6470
vn -0.7885 0.2104 0.5779
vn -0.8078 0.1006 0.5808
vn -0.0337 -0.9984 -0.0447
vn -0.0980 -0.9951 0.0108
vn -0.1198 -0.9927 -0.0130
vn -0.0506 -0.9968 -0.0622
vn -0.7560 -0.1344 0.6406
vn -0.7585 -0.0187 0.6514
vn -0.8172 -0.0129 0.5762
vn -0.8158 -0.1281 0.5640
vn -0.2101 0.9421 0.2614
vn -0.3577 -0.9292 0.0932
vn -0.4313 -0.8913 0.1399
vn -0.4614 -0.8831 0.0850
vn -0.3846 -0.9220 0.0450
vn -0.8041 0.3238 0.4986
vn -0.7648 0.4209 0.4878
vn -0.8002 0.4281 0.4201
vn -0.8419 0.3318 0.4255
vn -0.2090 -0.9779 0.0024
vn -0.2834 -0.9578 0.0473
vn -0.3071 -0.9517 0.0060
vn -0.2293 -0.9728 -0.0320
vn -0.8571 0.1101 0.5033
vn -0.8353 0.2198 0.5040
vn -0.8753 0.2286 0.4261
vn -0.8988 0.1197 0.4216
vn -0.0615 -0.9946 -0.0840
vn -0.1350 -0.9900 -0.0414
vn -0.1517 -0.9860 -0.0688
vn -0.0747 -0.9917 -0.1043
vn -0.8680 -0.1188 0.4822
vn -0.8682 -0.0035 0.4961
vn -0.9114 0.0068 0.4115
vn -0.9119 -0.1079 0.3959
vn -0.2209 0.9430 0.2489
vn -0.2928 0.9152 0.2771
vn 0.0774 -0.9821 -0.1715
vn -0.8320 -0.3448 0.4345
vn -0.8559 -0.2334 0.4615
vn -0.9002 -0.2221 0.3747
vn -0.8761 -0.3333 0.3483
vn -0.3596 0.8797 0.3110
vn -0.3023 0.9160 0.2636
vn -0.3726 0.8814 0.2905
vn -0.7522 -0.5490 0.3644
vn -0.7971 -0.4507 0.4019
vn -0.8404 -0.4391 0.3176
vn -0.7943 -0.5375 0.2831
vn -0.4898 0.7873 0.3744
vn -0.4256 0.8371 0.3437
vn -0.4421 0.8395 0.3160
vn -0.5097 0.7905 0.3396
vn -0.6385 -0.7172 0.2792
vn -0.6988 -0.6381 0.3232
vn -0.7392 -0.6270 0.2458
vn -0.6768 -0.7066 0.2066
vn -0.6113 0.6649 0.4292
vn -0.5519 0.7300 0.4031
vn -0.5752 0.7339 0.3612
vn -0.6378 0.6697 0.3805
vn -0.5033 -0.8437 0.1868
vn -0.5729 -0.7857 0.2335
vn -0.6087 -0.7758 0.1663
vn -0.5364 -0.8346 0.1256
vn -0.7187 0.5104 0.4722
vn -0.6672 0.5917 0.4524
vn -0.6969 0.5973 0.3970
vn -0.7514 0.5168 0.4104
vn -0.3792 0.8858 0.2674
vn -0.3059 0.9192 0.2478
vn -0.3128 0.9208 0.2329
vn -0.3881 0.8885 0.2448
vn -0.8273 -0.5258 0.1977
vn -0.8748 -0.4267 0.2294
vn -0.9010 -0.4111 0.1389
vn -0.8528 -0.5104 0.1104
vn -0.5224 0.7974 0.3020
vn -0.4517 0.8452 0.2856
vn -0.4626 0.8490 0.2554
vn -0.5353 0.8023 0.2642
vn -0.7058 -0.6964 0.1298
vn -0.7704 -0.6160 0.1643
vn -0.7950 -0.6012 0.0811
vn -0.7292 -0.6823 0.0517
vn -0.6565 0.6789 0.3289
vn -0.5909 0.7421 0.3166
vn -0.6057 0.7481 0.2712
vn -0.6731 0.6860 0.2762
vn -0.5604 -0.8260 0.0602
vn -0.6353 -0.7664 0.0949
vn -0.6574 -0.7532 0.0226
vn -0.5809 -0.8139 -0.0058
vn -0.7757 0.5280 0.3456
vn -0.7185 0.6076 0.3387
vn -0.7369 0.6158 0.2789
vn -0.7958 0.5374 0.2790
vn -0.4029 -0.9152 -0.0071
vn -0.4826 -0.8755 0.0261
vn -0.5014 -0.8646 -0.0331
vn -0.4200 -0.9056 -0.0593
vn -0.8714 0.3446 0.3492
vn -0.8272 0.4402 0.3492
vn -0.8488 0.4507 0.2763
vn -0.8944 0.3561 0.2706
vn -0.2416 -0.9678 -0.0700
vn -0.3224 -0.9458 -0.0392
vn -0.3376 -0.9375 -0.0840
vn -0.2548 -0.9610 -0.1074
vn -0.9322 0.1333 0.3366
vn -0.9069 0.2419 0.3451
vn -0.9311 0.2544 0.2614
vn -0.9573 0.1468 0.2489
vn -0.0811 -0.9885 -0.1276
vn -0.1611 -0.9819 -0.0995
vn -0.1723 -0.9765 -0.1294
vn -0.0902 -0.9846 -0.1499
vn -0.9473 -0.0943 0.3061
vn -0.9460 0.0205 0.3236
vn -0.9719 0.0348 0.2328
vn -0.9737 -0.0793 0.2134
vn -0.2290 0.9447 0.2346
vn 0.0722 -0.9797 -0.1870
vn -0.9114 -0.3203 0.2584
vn -0.9358 -0.2087 0.2842
vn -0.9624 -0.1933 0.1910
vn -0.9379 -0.3047 0.1659
vn -0.9084 0.3721 0.1906
vn -0.8615 0.4658 0.2021
vn -0.8686 0.4790 0.1269
vn -0.9157 0.3867 0.1094
vn -0.2596 -0.9545 -0.1469
vn -0.3439 -0.9298 -0.1310
vn -0.3499 -0.9198 -0.1776
vn -0.2651 -0.9461 -0.1858
vn -0.9734 0.1640 0.1597
vn -0.9462 0.2712 0.1764
vn -0.9537 0.2869 0.0902
vn -0.9811 0.1809 0.0693
vn -0.0919 -0.9805 -0.1739
vn -0.1755 -0.9712 -0.1611
vn -0.1806 -0.9646 -0.1924
vn -0.0964 -0.9756 -0.1974
vn -0.9910 -0.0618 0.1191
vn -0.9887 0.0523 0.1405
vn -0.9964 0.0701 0.0470
vn -0.9988 -0.0433 0.0237
vn -0.2343 0.9472 0.2191
vn -0.3132 0.9246 0.2168
vn 0.0701 -0.9767 -0.2031
vn -0.9550 -0.2879 0.0715
vn -0.9797 -0.1760 0.0960
vn -0.9876 -0.1571 -0.0000
vn -0.9629 -0.2687 -0.0238
vn -0.3900 0.8939 0.2211
vn -0.3170 0.9269 0.2009
vn -0.3943 0.8975 0.1974
vn -0.8686 -0.4950 0.0208
vn -0.9176 -0.3949 0.0462
vn -0.9255 -0.3758 -0.0470
vn -0.8765 -0.4763 -0.0693
vn -0.5403 0.8108 0.2252
vn -0.4661 0.8559 0.2240
vn -0.4709 0.8609 0.1924
vn -0.5456 0.8172 0.1858
vn -0.7428 -0.6689 -0.0288
vn -0.8098 -0.5867 -0.0044
vn -0.8176 -0.5687 -0.0902
vn -0.7505 -0.6517 -0.1094
vn -0.6813 0.6974 0.2223
vn -0.6123 0.7580 0.2247
vn -0.6180 0.7658 0.1776
vn -0.6874 0.7066 0.1677
vn -0.5917 -0.8027 -0.0742
vn -0.6696 -0.7409 -0.0522
vn -0.6771 -0.7249 -0.1269
vn -0.5990 -0.7880 -0.1424
vn -0.8071 0.5513 0.2112
vn -0.7466 0.6285 0.2179
vn -0.7531 0.6391 0.1560
vn -0.8139 0.5633 0.1424
vn -0.4278 -0.8967 -0.1137
vn -0.5108 -0.8545 -0.0947
vn -0.5177 -0.8412 -0.1560
vn -0.4343 -0.8850 -0.1677
vn -0.8745 -0.4580 -0.1597
vn -0.9237 -0.3565 -0.1405
vn -0.9131 -0.3347 -0.2328
vn -0.8646 -0.4366 -0.2489
vn -0.5429 0.8269 0.1469
vn -0.4682 0.8688 0.1611
vn -0.4667 0.8749 0.1294
vn -0.5404 0.8345 0.1074
vn -0.7481 -0.6356 -0.1906
vn -0.8154 -0.5514 -0.1764
vn -0.8062 -0.5307 -0.2614
vn -0.7398 -0.6161 -0.2706
vn -0.6849 0.7197 0.1137
vn -0.6154 0.7773 0.1310
vn -0.6118 0.7865 0.0840
vn -0.6802 0.7306 0.0593
vn -0.5962 -0.7745 -0.2112
vn -0.6745 -0.7101 -0.2021
vn -0.6671 -0.6918 -0.2763
vn -0.5898 -0.7578 -0.2790
vn -0.8116 0.5795 0.0742
vn -0.7507 0.6539 0.0947
vn -0.7449 0.6663 0.0331
vn -0.8048 0.5935 0.0058
vn -0.4313 -0.8744 -0.2223
vn -0.5148 -0.8292 -0.2179
vn -0.5095 -0.8140 -0.2789
vn -0.4271 -0.8610 -0.2762
vn -0.9137 0.4054 0.0288
vn -0.8664 0.4966 0.0522
vn -0.8586 0.5121 -0.0226
vn -0.9049 0.4224 -0.0517
vn -0.2621 -0.9384 -0.2252
vn -0.3469 -0.9106 -0.2247
vn -0.3437 -0.8991 -0.2712
vn -0.2599 -0.9288 -0.2642
vn -0.9793 0.2011 -0.0208
vn -0.9519 0.3065 0.0044
vn -0.9423 0.3248 -0.0811
vn -0.9691 0.2206 -0.1104
vn -0.0935 -0.9708 -0.2211
vn -0.1776 -0.9583 -0.2240
vn -0.1764 -0.9506 -0.2554
vn -0.0933 -0.9651 -0.2448
vn -0.9972 -0.0226 -0.0715
vn -0.9948 0.0907 -0.0462
vn -0.9840 0.1112 -0.1389
vn -0.9861 -0.0013 -0.1659
vn -0.2364 0.9502 0.2031
vn -0.3142 0.9311 0.1852
vn 0.0711 -0.9731 -0.2191
vn -0.9612 -0.2487 -0.1191
vn -0.9860 -0.1366 -0.0960
vn -0.9749 -0.1148 -0.1910
vn -0.9503 -0.2267 -0.2134
vn -0.3916 0.9036 0.1739
vn -0.3149 0.9340 0.1689
vn -0.3912 0.9080 0.1499
vn -0.2492 -0.9201 -0.3020
vn -0.3315 -0.8888 -0.3166
vn -0.3191 -0.8762 -0.3612
vn -0.2393 -0.9096 -0.3396
vn -0.9496 0.2431 -0.1977
vn -0.9235 0.3466 -0.1643
vn -0.8973 0.3667 -0.2458
vn -0.9219 0.2646 -0.2831
vn -0.0857 -0.9598 -0.2674
vn -0.1672 -0.9436 -0.2856
vn -0.1598 -0.9352 -0.3160
vn -0.0808 -0.9535 -0.2905
vn -0.9658 0.0218 -0.2584
vn -0.9640 0.1342 -0.2294
vn -0.9352 0.1567 -0.3176
vn -0.9363 0.0450 -0.3484
vn -0.2353 0.9538 0.1870
vn -0.3090 0.9385 0.1541
vn 0.0754 -0.9692 -0.2346
vn -0.9298 -0.2043 -0.3061
vn -0.9544 -0.0919 -0.2842
vn -0.9247 -0.0681 -0.3747
vn -0.9004 -0.1803 -0.3959
vn -0.3838 0.9146 0.1276
vn -0.3065 0.9418 0.1382
vn -0.3787 0.9196 0.1043
vn -0.8448 -0.4159 -0.3366
vn -0.8929 -0.3130 -0.3236
vn -0.8643 -0.2892 -0.4115
vn -0.8173 -0.3927 -0.4216
vn -0.5300 0.8451 0.0700
vn -0.4578 0.8835 0.0995
vn -0.4502 0.8903 0.0688
vn -0.5198 0.8537 0.0320
vn -0.7215 -0.5979 -0.3492
vn -0.7871 -0.5113 -0.3451
vn -0.7612 -0.4889 -0.4262
vn -0.6974 -0.5767 -0.4255
vn -0.6670 0.7450 0.0071
vn -0.5999 0.7991 0.0392
vn -0.5872 0.8094 -0.0060
vn -0.6517 0.7571 -0.0450
vn -0.5736 -0.7426 -0.3456
vn -0.6498 -0.6751 -0.3492
vn -0.6279 -0.6553 -0.4201
vn -0.5539 -0.7244 -0.4104
vn -0.7890 0.6114 -0.0602
vn -0.7304 0.6825 -0.0261
vn -0.7126 0.6964 -0.0850
vn -0.7689 0.6269 -0.1256
vn -0.4134 -0.8491 -0.3289
vn -0.4945 -0.8005 -0.3387
vn -0.4772 -0.7840 -0.3970
vn -0.3986 -0.8345 -0.3805
vn -0.8870 0.4431 -0.1298
vn -0.8417 0.5315 -0.0949
vn -0.8193 0.5487 -0.1663
vn -0.8626 0.4618 -0.2066
vn -0.5021 0.8648 -0.0024
vn -0.4355 0.8993 0.0414
vn -0.4219 0.9066 0.0130
vn -0.4846 0.8739 -0.0374
vn -0.6639 -0.5573 -0.4986
vn -0.7259 -0.4681 -0.5040
vn -0.6843 -0.4447 -0.5779
vn -0.6251 -0.5351 -0.5683
vn -0.6283 0.7723 -0.0933
vn -0.5666 0.8226 -0.0473
vn -0.5452 0.8336 -0.0889
vn -0.6030 0.7851 -0.1412
vn -0.5249 -0.7082 -0.4722
vn -0.5964 -0.6374 -0.4878
vn -0.5608 -0.6167 -0.5525
vn -0.4926 -0.6891 -0.5315
vn -0.7403 0.6459 -0.1868
vn -0.6866 0.7135 -0.1399
vn -0.6575 0.7281 -0.1939
vn -0.7076 0.6622 -0.2467
vn -0.3748 -0.8218 -0.4292
vn -0.4507 -0.7695 -0.4524
vn -0.4220 -0.7523 -0.5059
vn -0.3499 -0.8065 -0.4766
vn -0.8295 0.4837 -0.2792
vn -0.7884 0.5692 -0.2335
vn -0.7522 0.5872 -0.2988
vn -0.7903 0.5034 -0.3494
vn -0.2213 -0.9004 -0.3744
vn -0.2982 -0.8652 -0.4031
vn -0.2771 -0.8520 -0.4442
vn -0.2041 -0.8894 -0.4091
vn -0.8854 0.2885 -0.3644
vn -0.8623 0.3898 -0.3232
vn -0.8204 0.4109 -0.3976
vn -0.8413 0.3109 -0.4423
vn -0.0689 -0.9479 -0.3110
vn -0.1449 -0.9279 -0.3437
vn -0.1315 -0.9190 -0.3718
vn -0.0595 -0.9412 -0.3325
vn -0.8980 0.0697 -0.4345
vn -0.8976 0.1811 -0.4019
vn -0.8518 0.2047 -0.4823
vn -0.8511 0.0940 -0.5165
vn -0.2311 0.9577 0.1715
vn -0.2977 0.9464 0.1249
vn 0.0826 -0.9650 -0.2489
vn -0.8620 -0.1564 -0.4822
vn -0.8861 -0.0437 -0.4615
vn -0.8389 -0.0188 -0.5439
vn -0.8153 -0.1314 -0.5640
vn -0.3670 0.9264 0.0840
vn -0.2921 0.9501 0.1098
vn -0.3574 0.9319 0.0622
vn -0.7806 -0.3706 -0.5033
vn -0.8265 -0.2661 -0.4961
vn -0.7809 -0.2412 -0.5762
vn -0.7367 -0.3463 -0.5808
vn -0.7892 0.3354 -0.5144
vn -0.7706 0.4345 -0.4662
vn -0.7146 0.4558 -0.5307
vn -0.7303 0.3580 -0.5818
vn -0.0437 -0.9356 -0.3503
vn -0.1113 -0.9115 -0.3959
vn -0.0926 -0.9024 -0.4207
vn -0.0302 -0.9288 -0.3694
vn -0.7963 0.1192 -0.5930
vn -0.7980 0.2297 -0.5571
vn -0.7370 0.2533 -0.6266
vn -0.7340 0.1437 -0.6638
vn -0.2239 0.9618 0.1573
vn -0.2809 0.9547 0.0986
vn 0.0925 -0.9608 -0.2614
vn -0.7604 -0.1068 -0.6406
vn -0.7837 0.0062 -0.6211
vn -0.7210 0.0312 -0.6923
vn -0.6981 -0.0817 -0.7113
vn -0.3418 0.9387 0.0447
vn -0.2723 0.9584 0.0850
vn -0.3281 0.9443 0.0254
vn -0.6844 -0.3237 -0.6533
vn -0.7269 -0.2175 -0.6514
vn -0.6661 -0.1926 -0.7206
vn -0.6258 -0.2992 -0.7203
vn -0.4603 0.8852 -0.0675
vn -0.4019 0.9156 -0.0108
vn -0.3830 0.9231 -0.0360
vn -0.4362 0.8945 -0.0983
vn -0.5777 -0.5152 -0.6331
vn -0.6342 -0.4233 -0.6470
vn -0.5785 -0.3998 -0.7110
vn -0.5256 -0.4929 -0.6934
vn -0.5704 0.8006 -0.1836
vn -0.5167 0.8470 -0.1252
vn -0.4874 0.8581 -0.1616
vn -0.5360 0.8135 -0.2254
vn -0.4518 -0.6726 -0.5861
vn -0.5165 -0.5984 -0.6125
vn -0.4684 -0.5775 -0.6686
vn -0.4082 -0.6533 -0.6376
vn -0.6672 0.6815 -0.3007
vn -0.6209 0.7455 -0.2423
vn -0.5816 0.7603 -0.2894
vn -0.6232 0.6980 -0.3528
vn -0.3169 -0.7935 -0.5196
vn -0.3850 -0.7375 -0.5549
vn -0.3461 -0.7201 -0.6014
vn -0.2829 -0.7781 -0.5609
vn -0.7433 0.5258 -0.4137
vn -0.7084 0.6082 -0.3582
vn -0.6599 0.6264 -0.4149
vn -0.6908 0.5456 -0.4745
vn -0.1796 -0.8801 -0.4396
vn -0.2482 -0.8409 -0.4810
vn -0.2193 -0.8275 -0.5169
vn -0.1557 -0.8688 -0.4700
vn -0.4660 -0.4734 -0.7475
vn -0.5154 -0.3788 -0.7686
vn -0.4479 -0.3560 -0.8202
vn -0.4027 -0.4517 -0.7961
vn -0.4954 0.8287 -0.2604
vn -0.4520 0.8712 -0.1914
vn -0.4160 0.8820 -0.2213
vn -0.4533 0.8413 -0.2946
vn -0.3573 -0.6371 -0.6830
vn -0.4130 -0.5596 -0.7185
vn -0.3544 -0.5393 -0.7639
vn -0.3040 -0.6184 -0.7247
vn -0.5726 0.7169 -0.3976
vn -0.5359 0.7774 -0.3294
vn -0.4879 0.7917 -0.3677
vn -0.5190 0.7329 -0.4399
vn -0.2419 -0.7654 -0.5964
vn -0.3000 -0.7056 -0.6419
vn -0.2524 -0.6887 -0.6797
vn -0.2001 -0.7503 -0.6300
vn -0.6316 0.5676 -0.5281
vn -0.6049 0.6470 -0.4642
vn -0.5459 0.6646 -0.5101
vn -0.5679 0.5868 -0.5772
vn -0.1255 -0.8598 -0.4950
vn -0.1836 -0.8166 -0.5472
vn -0.1479 -0.8036 -0.5766
vn -0.0959 -0.8488 -0.5200
vn -0.6647 0.3821 -0.6420
vn -0.6519 0.4791 -0.5878
vn -0.5840 0.4996 -0.6398
vn -0.5933 0.4039 -0.6963
vn -0.0111 -0.9234 -0.3837
vn -0.0680 -0.8952 -0.4404
vn -0.0446 -0.8863 -0.4609
vn 0.0060 -0.9167 -0.3996
vn -0.6648 0.1686 -0.7278
vn -0.6692 0.2780 -0.6891
vn -0.5952 0.3009 -0.7451
vn -0.5893 0.1922 -0.7847
vn -0.2139 0.9661 0.1448
vn -0.2590 0.9629 0.0762
vn 0.1048 -0.9567 -0.2716
vn -0.6288 -0.0575 -0.7754
vn -0.6513 0.0559 -0.7568
vn -0.5753 0.0801 -0.8140
vn -0.5534 -0.0332 -0.8322
vn -0.3093 0.9509 0.0114
vn -0.2479 0.9666 0.0646
vn -0.2919 0.9564 -0.0049
vn -0.5599 -0.2770 -0.7809
vn -0.5980 -0.1692 -0.7834
vn -0.5243 -0.1450 -0.8391
vn -0.4888 -0.2533 -0.8348
vn -0.4063 0.9055 -0.1229
vn -0.3586 0.9319 -0.0553
vn -0.3349 0.9392 -0.0761
vn -0.3764 0.9145 -0.1483
vn 0.0276 -0.9117 -0.4099
vn -0.0164 -0.8797 -0.4753
vn 0.0108 -0.8713 -0.4907
vn 0.0477 -0.9053 -0.4221
vn -0.5084 0.2158 -0.8337
vn -0.5160 0.3242 -0.7929
vn -0.4320 0.3454 -0.8331
vn -0.4227 0.2376 -0.8746
vn -0.2017 0.9702 0.1345
vn -0.2331 0.9707 0.0587
vn 0.1189 -0.9528 -0.2792
vn -0.4724 -0.0103 -0.8813
vn -0.4938 0.1034 -0.8634
vn -0.4075 0.1258 -0.9045
vn -0.3868 0.0123 -0.9221
vn -0.2705 0.9626 -0.0149
vn -0.2198 0.9743 0.0494
vn -0.2502 0.9678 -0.0273
vn -0.4118 -0.2323 -0.8812
vn -0.4448 -0.1230 -0.8871
vn -0.3611 -0.1005 -0.9271
vn -0.3310 -0.2103 -0.9199
vn -0.3420 0.9249 -0.1665
vn -0.3070 0.9474 -0.0902
vn -0.2796 0.9543 -0.1060
vn -0.3075 0.9333 -0.1854
vn -0.3333 -0.4333 -0.8373
vn -0.3743 -0.3362 -0.8642
vn -0.2974 -0.3150 -0.9013
vn -0.2612 -0.4131 -0.8724
vn -0.4063 0.8556 -0.3208
vn -0.3752 0.8944 -0.2435
vn -0.3338 0.9045 -0.2656
vn -0.3580 0.8673 -0.3460
vn -0.2448 -0.6032 -0.7591
vn -0.2899 -0.5225 -0.8019
vn -0.2232 -0.5035 -0.8347
vn -0.1840 -0.5857 -0.7894
vn -0.4602 0.7509 -0.4737
vn -0.4348 0.8079 -0.3978
vn -0.3799 0.8211 -0.4259
vn -0.3990 0.7657 -0.5046
vn -0.1527 -0.7385 -0.6567
vn -0.1989 -0.6751 -0.7104
vn -0.1445 -0.6592 -0.7379
vn -0.1049 -0.7244 -0.6814
vn -0.4989 0.6077 -0.6179
vn -0.4818 0.6842 -0.5475
vn -0.4146 0.7004 -0.5809
vn -0.4263 0.6254 -0.6536
vn -0.0612 -0.8404 -0.5385
vn -0.1067 -0.7934 -0.5992
vn -0.0657 -0.7811 -0.6209
vn -0.0270 -0.8300 -0.5571
vn -0.5166 0.4268 -0.7423
vn -0.5107 0.5216 -0.6834
vn -0.4335 0.5406 -0.7210
vn -0.4355 0.4469 -0.7814
vn -0.1189 -0.5721 -0.8115
vn -0.1520 -0.4885 -0.8592
vn -0.0796 -0.4715 -0.8783
vn -0.0528 -0.5564 -0.8292
vn -0.3342 0.7820 -0.5261
vn -0.3216 0.8358 -0.4449
vn -0.2619 0.8475 -0.4618
vn -0.2677 0.7949 -0.5444
vn -0.0528 -0.7138 -0.6983
vn -0.0857 -0.6472 -0.7575
vn -0.0264 -0.6329 -0.7738
vn -0.0007 -0.7011 -0.7130
vn -0.3502 0.6444 -0.6798
vn -0.3439 0.7182 -0.6049
vn -0.2711 0.7324 -0.6245
vn -0.2716 0.6599 -0.7006
vn 0.0108 -0.8226 -0.5685
vn -0.0206 -0.7722 -0.6351
vn 0.0242 -0.7611 -0.6482
vn 0.0483 -0.8132 -0.5800
vn -0.3507 0.4677 -0.8113
vn -0.3526 0.5607 -0.7492
vn -0.2690 0.5773 -0.7709
vn -0.2630 0.4854 -0.8338
vn 0.0710 -0.9010 -0.4280
vn 0.0414 -0.8654 -0.4993
vn 0.0713 -0.8578 -0.5091
vn 0.0933 -0.8951 -0.4360
vn -0.3331 0.2590 -0.9066
vn -0.3443 0.3666 -0.8643
vn -0.2535 0.3852 -0.8873
vn -0.2405 0.2783 -0.9299
vn -0.1876 0.9740 0.1269
vn -0.2040 0.9779 0.0466
vn 0.1344 -0.9494 -0.2839
vn -0.2972 0.0330 -0.9543
vn -0.3173 0.1470 -0.9369
vn -0.2241 0.1667 -0.9602
vn -0.2046 0.0529 -0.9774
vn -0.2271 0.9733 -0.0329
vn -0.1891 0.9811 0.0401
vn -0.2046 0.9780 -0.0412
vn -0.2459 -0.1913 -0.9502
vn -0.2731 -0.0806 -0.9586
vn -0.1826 -0.0607 -0.9813
vn -0.1585 -0.1718 -0.9723
vn -0.2699 0.9426 -0.1964
vn -0.2492 0.9617 -0.1142
vn -0.2191 0.9678 -0.1243
vn -0.2322 0.9501 -0.2083
vn -0.1846 -0.3966 -0.8992
vn -0.2162 -0.2972 -0.9300
vn -0.1329 -0.2783 -0.9513
vn -0.1064 -0.3786 -0.9194
vn -0.3064 0.8803 -0.3623
vn -0.2891 0.9157 -0.2793
vn -0.2439 0.9245 -0.2929
vn -0.2538 0.8905 -0.3776
vn -0.1721 0.9775 0.1222
vn -0.1729 0.9841 0.0404
vn -0.1098 0.0706 -0.9914
vn -0.1287 0.1849 -0.9743
vn -0.0320 0.2013 -0.9790
vn -0.0139 0.0872 -0.9961
vn -0.1807 0.9826 -0.0421
vn -0.1569 0.9865 -0.0459
vn -0.0685 -0.1557 -0.9854
vn -0.0896 -0.0437 -0.9950
vn 0.0043 -0.0271 -0.9996
vn 0.0222 -0.1393 -0.9900
vn -0.1929 0.9581 -0.2117
vn -0.1874 0.9741 -0.1265
vn -0.1557 0.9791 -0.1305
vn -0.1534 0.9643 -0.2160
vn -0.0256 -0.3647 -0.9308
vn -0.0471 -0.2632 -0.9636
vn 0.0393 -0.2473 -0.9681
vn 0.0556 -0.3495 -0.9353
vn -0.1996 0.9017 -0.3835
vn -0.1970 0.9341 -0.2976
vn -0.1497 0.9414 -0.3022
vn -0.1448 0.9101 -0.3883
vn 0.0158 -0.5450 -0.8383
vn -0.0046 -0.4588 -0.8885
vn 0.0707 -0.4445 -0.8930
vn 0.0846 -0.5317 -0.8427
vn -0.1995 0.8090 -0.5529
vn -0.2005 0.8602 -0.4690
vn -0.1383 0.8697 -0.4739
vn -0.1304 0.8196 -0.5579
vn 0.0539 -0.6924 -0.7195
vn 0.0354 -0.6229 -0.7815
vn 0.0971 -0.6107 -0.7859
vn 0.1084 -0.6815 -0.7237
vn -0.1912 0.6763 -0.7114
vn -0.1965 0.7478 -0.6342
vn -0.1208 0.7594 -0.6393
vn -0.1096 0.6890 -0.7164
vn 0.0879 -0.8071 -0.5838
vn 0.0714 -0.7537 -0.6533
vn 0.1184 -0.7442 -0.6574
vn 0.1271 -0.7990 -0.5877
vn -0.1734 0.5034 -0.8465
vn -0.1835 0.5946 -0.7828
vn -0.0967 0.6083 -0.7878
vn -0.0824 0.5179 -0.8515
vn 0.1174 -0.8917 -0.4372
vn 0.1032 -0.8530 -0.5116
vn 0.1346 -0.8464 -0.5153
vn 0.1410 -0.8865 -0.4406
vn -0.1458 0.2966 -0.9438
vn -0.1607 0.4035 -0.9008
vn -0.0666 0.4188 -0.9056
vn -0.0497 0.3126 -0.9486
vn 0.1305 -0.9232 -0.3616
vn 0.1463 -0.9195 -0.3648
vn 0.1141 -0.9253 -0.3617
vn -0.1538 0.9669 0.2038
vn 0.0994 -0.9294 -0.3554
vn 0.0834 -0.9321 -0.3524
vn 0.0703 -0.9366 -0.3433
vn 0.0553 -0.9398 -0.3372
vn 0.0443 -0.9444 -0.3257
vn 0.0309 -0.9480 -0.3168
vn 0.0225 -0.9526 -0.3034
vn 0.0111 -0.9564 -0.2920
vn 0.0056 -0.9608 -0.2771
vn -0.0032 -0.9646 -0.2636
vn -0.0056 -0.9688 -0.2478
vn -0.0116 -0.9724 -0.2329
vn -0.0108 -0.9762 -0.2168
vn -0.0138 -0.9795 -0.2009
vn -0.0098 -0.9827 -0.1852
vn -0.0095 -0.9856 -0.1689
vn -0.0026 -0.9880 -0.1541
vn 0.0009 -0.9904 -0.1382
vn 0.0106 -0.9921 -0.1249
vn 0.0171 -0.9938 -0.1098
vn 0.0292 -0.9947 -0.0986
vn 0.0385 -0.9956 -0.0850
vn 0.0525 -0.9957 -0.0762
vn 0.0642 -0.9958 -0.0646
vn 0.0796 -0.9951 -0.0587
vn 0.0933 -0.9944 -0.0494
vn 0.1095 -0.9929 -0.0466
vn 0.1246 -0.9914 -0.0401
vn 0.1410 -0.9892 -0.0404
vn 0.1570 -0.9869 -0.0370
vn 0.1729 -0.9841 -0.0404
vn 0.1891 -0.9811 -0.0401
vn 0.2040 -0.9779 -0.0466
vn 0.2199 -0.9743 -0.0494
vn 0.2331 -0.9707 -0.0587
vn 0.2479 -0.9666 -0.0646
vn 0.2590 -0.9629 -0.0762
vn 0.2723 -0.9584 -0.0850
vn 0.2809 -0.9547 -0.0986
vn 0.2921 -0.9501 -0.1098
vn 0.2977 -0.9464 -0.1249
vn 0.3065 -0.9418 -0.1382
vn 0.3090 -0.9385 -0.1541
vn 0.3149 -0.9340 -0.1689
vn 0.3142 -0.9311 -0.1852
vn 0.3170 -0.9269 -0.2009
vn 0.3132 -0.9246 -0.2168
vn 0.3128 -0.9208 -0.2329
vn 0.3059 -0.9192 -0.2478
vn 0.3023 -0.9160 -0.2636
vn 0.2928 -0.9152 -0.2771
vn 0.2861 -0.9126 -0.2920
vn 0.2742 -0.9126 -0.3034
vn 0.2648 -0.9108 -0.3168
vn 0.2509 -0.9116 -0.3257
vn 0.2390 -0.9106 -0.3372
vn 0.2238 -0.9122 -0.3433
vn 0.2099 -0.9120 -0.3524
vn 0.1939 -0.9144 -0.3554
vn 0.1786 -0.9150 -0.3617
vn 0.1624 -0.9181 -0.3616
vn 0.1519 -0.9672 -0.2038
vt 0.734375 0.531250
vt 0.734375 0.562500
vt 0.718750 0.562500
vt 0.718750 0.531250
vt 0.750000 0.937500
vt 0.742188 0.968750
vt 0.734375 0.937500
vt 0.734375 0.000000
vt 0.742188 0.031250
vt 0.726562 0.031250
vt 0.734375 0.468750
vt 0.734375 0.500000
vt 0.718750 0.500000
vt 0.718750 0.468750
vt 0.734375 0.906250
vt 0.718750 0.937500
vt 0.718750 0.906250
vt 0.734375 0.406250
vt 0.734375 0.437500
vt 0.718750 0.437500
vt 0.718750 0.406250
vt 0.734375 0.843750
vt 0.734375 0.875000
vt 0.718750 0.875000
vt 0.718750 0.843750
vt 0.734375 0.343750
vt 0.734375 0.375000
vt 0.718750 0.375000
vt 0.718750 0.343750
vt 0.734375 0.781250
vt 0.734375 0.812500
vt 0.718750 0.812500
vt 0.718750 0.781250
vt 0.734375 0.281250
vt 0.734375 0.312500
vt 0.718750 0.312500
vt 0.718750 0.281250
vt 0.734375 0.718750
vt 0.734375 0.750000
vt 0.718750 0.750000
vt 0.718750 0.718750
vt 0.734375 0.218750
vt 0.734375 0.250000
vt 0.718750 0.250000
vt 0.718750 0.218750
vt 0.734375 0.656250
vt 0.734375 0.687500
vt 0.718750 0.687500
vt 0.718750 0.656250
vt 0.734375 0.156250
vt 0.734375 0.187500
vt 0.718750 0.187500
vt 0.718750 0.156250
vt 0.734375 0.593750
vt 0.734375 0.625000
vt 0.718750 0.625000
vt 0.718750 0.593750
vt 0.734375 0.093750
vt 0.734375 0.125000
vt 0.718750 0.125000
vt 0.718750 0.093750
vt 0.703125 0.156250
vt 0.703125 0.187500
vt 0.687500 0.187500
vt 0.687500 0.156250
vt 0.703125 0.593750
vt 0.703125 0.625000
vt 0.687500 0.625000
vt 0.687500 0.593750
vt 0.703125 0.093750
vt 0.703125 0.125000
vt 0.687500 0.125000
vt 0.687500 0.093750
vt 0.703125 0.531250
vt 0.703125 0.562500
vt 0.687500 0.562500
vt 0.687500 0.531250
vt 0.710938 0.968750
vt 0.703125 0.937500
vt 0.703125 0.000000
vt 0.710938 0.031250
vt 0.695312 0.031250
vt 0.703125 0.468750
vt 0.703125 0.500000
vt 0.687500 0.500000
vt 0.687500 0.468750
vt 0.703125 0.906250
vt 0.687500 0.937500
vt 0.687500 0.906250
vt 0.703125 0.406250
vt 0.703125 0.437500
vt 0.687500 0.437500
vt 0.687500 0.406250
vt 0.703125 0.843750
vt 0.703125 0.875000
vt 0.687500 0.875000
vt 0.687500 0.843750
vt 0.703125 0.343750
vt 0.703125 0.375000
vt 0.687500 0.375000
vt 0.687500 0.343750
vt 0.703125 0.781250
vt 0.703125 0.812500
vt 0.687500 0.812500
vt 0.687500 0.781250
vt 0.703125 0.281250
vt 0.703125 0.312500
vt 0.687500 0.312500
vt 0.687500 0.281250
vt 0.703125 0.718750
vt 0.703125 0.750000
vt 0.687500 0.750000
vt 0.687500 0.718750
vt 0.703125 0.218750
vt 0.703125 0.250000
vt 0.687500 0.250000
vt 0.687500 0.218750
vt 0.703125 0.656250
vt 0.703125 0.687500
vt 0.687500 0.687500
vt 0.687500 0.656250
vt 0.671875 0.343750
vt 0.671875 0.375000
vt 0.656250 0.375000
vt 0.656250 0.343750
vt 0.671875 0.781250
vt 0.671875 0.812500
vt 0.656250 0.812500
vt 0.656250 0.781250
vt 0.671875 0.281250
vt 0.671875 0.312500
vt 0.656250 0.312500
vt 0.656250 0.281250
vt 0.671875 0.718750
vt 0.671875 0.750000
vt 0.656250 0.750000
vt 0.656250 0.718750
vt 0.671875 0.218750
vt 0.671875 0.250000
vt 0.656250 0.250000
vt 0.656250 0.218750
vt 0.671875 0.656250
vt 0.671875 0.687500
vt 0.656250 0.687500
vt 0.656250 0.656250
vt 0.671875 0.156250
vt 0.671875 0.187500
vt 0.656250 0.187500
vt 0.656250 0.156250
vt 0.671875 0.593750
vt 0.671875 0.625000
vt 0.656250 0.625000
vt 0.656250 0.593750
vt 0.671875 0.093750
vt 0.671875 0.125000
vt 0.656250 0.125000
vt 0.656250 0.093750
vt 0.671875 0.531250
vt 0.671875 0.562500
vt 0.656250 0.562500
vt 0.656250 0.531250
vt 0.679688 0.968750
vt 0.671875 0.937500
vt 0.671875 0.000000
vt 0.679688 0.031250
vt 0.664062 0.031250
vt 0.671875 0.468750
vt 0.671875 0.500000
vt 0.656250 0.500000
vt 0.656250 0.468750
vt 0.671875 0.906250
vt 0.656250 0.937500
vt 0.656250 0.906250
vt 0.671875 0.406250
vt 0.671875 0.437500
vt 0.656250 0.437500
vt 0.656250 0.406250
vt 0.671875 0.843750
vt 0.671875 0.875000
vt 0.656250 0.875000
vt 0.656250 0.843750
vt 0.640625 0.093750
vt 0.640625 0.125000
vt 0.625000 0.125000
vt 0.625000 0.093750
vt 0.640625 0.531250
vt 0.640625 0.562500
vt 0.625000 0.562500
vt 0.625000 0.531250
vt 0.648438 0.968750
vt 0.640625 0.937500
vt 0.640625 0.000000
vt 0.648438 0.031250
vt 0.632812 0.031250
vt 0.640625 0.468750
vt 0.640625 0.500000
vt 0.625000 0.500000
vt 0.625000 0.468750
vt 0.640625 0.906250
vt 0.625000 0.937500
vt 0.625000 0.906250
vt 0.640625 0.406250
vt 0.640625 0.437500
vt 0.625000 0.437500
vt 0.625000 0.406250
vt 0.640625 0.843750
vt 0.640625 0.875000
vt 0.625000 0.875000
vt 0.625000 0.843750
vt 0.640625 0.343750
vt 0.640625 0.375000
vt 0.625000 0.375000
vt 0.625000 0.343750
vt 0.640625 0.781250
vt 0.640625 0.812500
vt 0.625000 0.812500
vt 0.625000 0.781250
vt 0.640625 0.281250
vt 0.640625 0.312500
vt 0.625000 0.312500
vt 0.625000 0.281250
vt 0.640625 0.718750
vt 0.640625 0.750000
vt 0.625000 0.750000
vt 0.625000 0.718750
vt 0.640625 0.218750
vt 0.640625 0.250000
vt 0.625000 0.250000
vt 0.625000 0.218750
vt 0.640625 0.656250
vt 0.640625 0.687500
vt 0.625000 0.687500
vt 0.625000 0.656250
vt 0.640625 0.156250
vt 0.640625 0.187500
vt 0.625000 0.187500
vt 0.625000 0.156250
vt 0.640625 0.593750
vt 0.640625 0.625000
vt 0.625000 0.625000
vt 0.625000 0.593750
vt 0.609375 0.781250
vt 0.609375 0.812500
vt 0.593750 0.812500
vt 0.593750 0.781250
vt 0.609375 0.281250
vt 0.609375 0.312500
vt 0.593750 0.312500
vt 0.593750 0.281250
vt 0.609375 0.718750
vt 0.609375 0.750000
vt 0.593750 0.750000
vt 0.593750 0.718750
vt 0.609375 0.218750
vt 0.609375 0.250000
vt 0.593750 0.250000
vt 0.593750 0.218750
vt 0.609375 0.656250
vt 0.609375 0.687500
vt 0.593750 0.687500
vt 0.593750 0.656250
vt 0.609375 0.156250
vt 0.609375 0.187500
vt 0.593750 0.187500
vt 0.593750 0.156250
vt 0.609375 0.593750
vt 0.609375 0.625000
vt 0.593750 0.625000
vt 0.593750 0.593750
vt 0.609375 0.093750
vt 0.609375 0.125000
vt 0.593750 0.125000
vt 0.593750 0.093750
vt 0.609375 0.531250
vt 0.609375 0.562500
vt 0.593750 0.562500
vt 0.593750 0.531250
vt 0.617188 0.968750
vt 0.609375 0.937500
vt 0.609375 0.000000
vt 0.617188 0.031250
vt 0.601562 0.031250
vt 0.609375 0.468750
vt 0.609375 0.500000
vt 0.593750 0.500000
vt 0.593750 0.468750
vt 0.609375 0.906250
vt 0.593750 0.937500
vt 0.593750 0.906250
vt 0.609375 0.406250
vt 0.609375 0.437500
vt 0.593750 0.437500
vt 0.593750 0.406250
vt 0.609375 0.843750
vt 0.609375 0.875000
vt 0.593750 0.875000
vt 0.593750 0.843750
vt 0.609375 0.343750
vt 0.609375 0.375000
vt 0.593750 0.375000
vt 0.593750 0.343750
vt 0.578125 0.531250
vt 0.578125 0.562500
vt 0.562500 0.562500
vt 0.562500 0.531250
vt 0.585938 0.968750
vt 0.578125 0.937500
vt 0.578125 0.000000
vt 0.585938 0.031250
vt 0.570312 0.031250
vt 0.578125 0.468750
vt 0.578125 0.500000
vt 0.562500 0.500000
vt 0.562500 0.468750
vt 0.578125 0.906250
vt 0.562500 0.937500
vt 0.562500 0.906250
vt 0.578125 0.406250
vt 0.578125 0.437500
vt 0.562500 0.437500
vt 0.562500 0.406250
vt 0.578125 0.843750
vt 0.578125 0.875000
vt 0.562500 0.875000
vt 0.562500 0.843750
vt 0.578125 0.343750
vt 0.578125 0.375000
vt 0.562500 0.375000
vt 0.562500 0.343750
vt 0.578125 0.781250
vt 0.578125 0.812500
vt 0.562500 0.812500
vt 0.562500 0.781250
vt 0.578125 0.281250
vt 0.578125 0.312500
vt 0.562500 0.312500
vt 0.562500 0.281250
vt 0.578125 0.718750
vt 0.578125 0.750000
vt 0.562500 0.750000
vt 0.562500 0.718750
vt 0.578125 0.218750
vt 0.578125 0.250000
vt 0.562500 0.250000
vt 0.562500 0.218750
vt 0.578125 0.656250
vt 0.578125 0.687500
vt 0.562500 0.687500
vt 0.562500 0.656250
vt 0.578125 0.156250
vt 0.578125 0.187500
vt 0.562500 0.187500
vt 0.562500 0.156250
vt 0.578125 0.593750
vt 0.578125 0.625000
vt 0.562500 0.625000
vt 0.562500 0.593750
vt 0.578125 0.093750
vt 0.578125 0.125000
vt 0.562500 0.125000
vt 0.562500 0.093750
vt 0.546875 0.281250
vt 0.546875 0.312500
vt 0.531250 0.312500
vt 0.531250 0.281250
vt 0.546875 0.718750
vt 0.546875 0.750000
vt 0.531250 0.750000
vt 0.531250 0.718750
vt 0.546875 0.218750
vt 0.546875 0.250000
vt 0.531250 0.250000
vt 0.531250 0.218750
vt 0.546875 0.656250
vt 0.546875 0.687500
vt 0.531250 0.687500
vt 0.531250 0.656250
vt 0.546875 0.156250
vt 0.546875 0.187500
vt 0.531250 0.187500
vt 0.531250 0.156250
vt 0.546875 0.593750
vt 0.546875 0.625000
vt 0.531250 0.625000
vt 0.531250 0.593750
vt 0.546875 0.093750
vt 0.546875 0.125000
vt 0.531250 0.125000
vt 0.531250 0.093750
vt 0.546875 0.531250
vt 0.546875 0.562500
vt 0.531250 0.562500
vt 0.531250 0.531250
vt 0.554688 0.968750
vt 0.546875 0.937500
vt 0.546875 0.000000
vt 0.554688 0.031250
vt 0.539062 0.031250
vt 0.546875 0.468750
vt 0.546875 0.500000
vt 0.531250 0.500000
vt 0.531250 0.468750
vt 0.546875 0.906250
vt 0.531250 0.937500
vt 0.531250 0.906250
vt 0.546875 0.406250
vt 0.546875 0.437500
vt 0.531250 0.437500
vt 0.531250 0.406250
vt 0.546875 0.843750
vt 0.546875 0.875000
vt 0.531250 0.875000
vt 0.531250 0.843750
vt 0.546875 0.343750
vt 0.546875 0.375000
vt 0.531250 0.375000
vt 0.531250 0.343750
vt 0.546875 0.781250
vt 0.546875 0.812500
vt 0.531250 0.812500
vt 0.531250 0.781250
vt 0.523438 0.968750
vt 0.515625 0.937500
vt 0.515625 0.000000
vt 0.523438 0.031250
vt 0.507812 0.031250
vt 0.515625 0.468750
vt 0.515625 0.500000
vt 0.500000 0.500000
vt 0.500000 0.468750
vt 0.515625 0.906250
vt 0.500000 0.937500
vt 0.500000 0.906250
vt 0.515625 0.406250
vt 0.515625 0.437500
vt 0.500000 0.437500
vt 0.500000 0.406250
vt 0.515625 0.843750
vt 0.515625 0.875000
vt 0.500000 0.875000
vt 0.500000 0.843750
vt 0.515625 0.343750
vt 0.515625 0.375000
vt 0.500000 0.375000
vt 0.500000 0.343750
vt 0.515625 0.781250
vt 0.515625 0.812500
vt 0.500000 0.812500
vt 0.500000 0.781250
vt 0.515625 0.281250
vt 0.515625 0.312500
vt 0.500000 0.312500
vt 0.500000 0.281250
vt 0.515625 0.718750
vt 0.515625 0.750000
vt 0.500000 0.750000
vt 0.500000 0.718750
vt 0.515625 0.218750
vt 0.515625 0.250000
vt 0.500000 0.250000
vt 0.500000 0.218750
vt 0.515625 0.656250
vt 0.515625 0.687500
vt 0.500000 0.687500
vt 0.500000 0.656250
vt 0.515625 0.156250
vt 0.515625 0.187500
vt 0.500000 0.187500
vt 0.500000 0.156250
vt 0.515625 0.593750
vt 0.515625 0.625000
vt 0.500000 0.625000
vt 0.500000 0.593750
vt 0.515625 0.093750
vt 0.515625 0.125000
vt 0.500000 0.125000
vt 0.500000 0.093750
vt 0.515625 0.531250
vt 0.515625 0.562500
vt 0.500000 0.562500
vt 0.500000 0.531250
vt 0.484375 0.718750
vt 0.484375 0.750000
vt 0.468750 0.750000
vt 0.468750 0.718750
vt 0.484375 0.218750
vt 0.484375 0.250000
vt 0.468750 0.250000
vt 0.468750 0.218750
vt 0.484375 0.656250
vt 0.484375 0.687500
vt 0.468750 0.687500
vt 0.468750 0.656250
vt 0.484375 0.156250
vt 0.484375 0.187500
vt 0.468750 0.187500
vt 0.468750 0.156250
vt 0.484375 0.593750
vt 0.484375 0.625000
vt 0.468750 0.625000
vt 0.468750 0.593750
vt 0.484375 0.093750
vt 0.484375 0.125000
vt 0.468750 0.125000
vt 0.468750 0.093750
vt 0.484375 0.531250
vt 0.484375 0.562500
vt 0.468750 0.562500
vt 0.468750 0.531250
vt 0.492188 0.968750
vt 0.484375 0.937500
vt 0.484375 0.000000
vt 0.492188 0.031250
vt 0.476562 0.031250
vt 0.484375 0.468750
vt 0.484375 0.500000
vt 0.468750 0.500000
vt 0.468750 0.468750
vt 0.484375 0.906250
vt 0.468750 0.937500
vt 0.468750 0.906250
vt 0.484375 0.406250
vt 0.484375 0.437500
vt 0.468750 0.437500
vt 0.468750 0.406250
vt 0.484375 0.843750
vt 0.484375 0.875000
vt 0.468750 0.875000
vt 0.468750 0.843750
vt 0.484375 0.343750
vt 0.484375 0.375000
vt 0.468750 0.375000
vt 0.468750 0.343750
vt 0.484375 0.781250
vt 0.484375 0.812500
vt 0.468750 0.812500
vt 0.468750 0.781250
vt 0.484375 0.281250
vt 0.484375 0.312500
vt 0.468750 0.312500
vt 0.468750 0.281250
vt 0.453125 0.468750
vt 0.453125 0.500000
vt 0.437500 0.500000
vt 0.437500 0.468750
vt 0.453125 0.906250
vt 0.453125 0.937500
vt 0.437500 0.937500
vt 0.437500 0.906250
vt 0.453125 0.406250
vt 0.453125 0.437500
vt 0.437500 0.437500
vt 0.437500 0.406250
vt 0.453125 0.843750
vt 0.453125 0.875000
vt 0.437500 0.875000
vt 0.437500 0.843750
vt 0.453125 0.343750
vt 0.453125 0.375000
vt 0.437500 0.375000
vt 0.437500 0.343750
vt 0.453125 0.781250
vt 0.453125 0.812500
vt 0.437500 0.812500
vt 0.437500 0.781250
vt 0.453125 0.281250
vt 0.453125 0.312500
vt 0.437500 0.312500
vt 0.437500 0.281250
vt 0.453125 0.718750
vt 0.453125 0.750000
vt 0.437500 0.750000
vt 0.437500 0.718750
vt 0.453125 0.218750
vt 0.453125 0.250000
vt 0.437500 0.250000
vt 0.437500 0.218750
vt 0.453125 0.656250
vt 0.453125 0.687500
vt 0.437500 0.687500
vt 0.437500 0.656250
vt 0.453125 0.156250
vt 0.453125 0.187500
vt 0.437500 0.187500
vt 0.437500 0.156250
vt 0.453125 0.593750
vt 0.453125 0.625000
vt 0.437500 0.625000
vt 0.437500 0.593750
vt 0.453125 0.093750
vt 0.453125 0.125000
vt 0.437500 0.125000
vt 0.437500 0.093750
vt 0.453125 0.531250
vt 0.453125 0.562500
vt 0.437500 0.562500
vt 0.437500 0.531250
vt 0.460938 0.968750
vt 0.453125 0.000000
vt 0.460938 0.031250
vt 0.445312 0.031250
vt 0.421875 0.218750
vt 0.421875 0.250000
vt 0.406250 0.250000
vt 0.406250 0.218750
vt 0.421875 0.656250
vt 0.421875 0.687500
vt 0.406250 0.687500
vt 0.406250 0.656250
vt 0.421875 0.156250
vt 0.421875 0.187500
vt 0.406250 0.187500
vt 0.406250 0.156250
vt 0.421875 0.593750
vt 0.421875 0.625000
vt 0.406250 0.625000
vt 0.406250 0.593750
vt 0.421875 0.093750
vt 0.421875 0.125000
vt 0.406250 0.125000
vt 0.406250 0.093750
vt 0.421875 0.531250
vt 0.421875 0.562500
vt 0.406250 0.562500
vt 0.406250 0.531250
vt 0.429688 0.968750
vt 0.421875 0.937500
vt 0.421875 0.000000
vt 0.429688 0.031250
vt 0.414062 0.031250
vt 0.421875 0.468750
vt 0.421875 0.500000
vt 0.406250 0.500000
vt 0.406250 0.468750
vt 0.421875 0.906250
vt 0.406250 0.937500
vt 0.406250 0.906250
vt 0.421875 0.406250
vt 0.421875 0.437500
vt 0.406250 0.437500
vt 0.406250 0.406250
vt 0.421875 0.843750
vt 0.421875 0.875000
vt 0.406250 0.875000
vt 0.406250 0.843750
vt 0.421875 0.343750
vt 0.421875 0.375000
vt 0.406250 0.375000
vt 0.406250 0.343750
vt 0.421875 0.781250
vt 0.421875 0.812500
vt 0.406250 0.812500
vt 0.406250 0.781250
vt 0.421875 0.281250
vt 0.421875 0.312500
vt 0.406250 0.312500
vt 0.406250 0.281250
vt 0.421875 0.718750
vt 0.421875 0.750000
vt 0.406250 0.750000
vt 0.406250 0.718750
vt 0.390625 0.406250
vt 0.390625 0.437500
vt 0.375000 0.437500
vt 0.375000 0.406250
vt 0.390625 0.843750
vt 0.390625 0.875000
vt 0.375000 0.875000
vt 0.375000 0.843750
vt 0.390625 0.343750
vt 0.390625 0.375000
vt 0.375000 0.375000
vt 0.375000 0.343750
vt 0.390625 0.781250
vt 0.390625 0.812500
vt 0.375000 0.812500
vt 0.375000 0.781250
vt 0.390625 0.281250
vt 0.390625 0.312500
vt 0.375000 0.312500
vt 0.375000 0.281250
vt 0.390625 0.718750
vt 0.390625 0.750000
vt 0.375000 0.750000
vt 0.375000 0.718750
vt 0.390625 0.218750
vt 0.390625 0.250000
vt 0.375000 0.250000
vt 0.375000 0.218750
vt 0.390625 0.656250
vt 0.390625 0.687500
vt 0.375000 0.687500
vt 0.375000 0.656250
vt 0.390625 0.156250
vt 0.390625 0.187500
vt 0.375000 0.187500
vt 0.375000 0.156250
vt 0.390625 0.593750
vt 0.390625 0.625000
vt 0.375000 0.625000
vt 0.375000 0.593750
vt 0.390625 0.093750
vt 0.390625 0.125000
vt 0.375000 0.125000
vt 0.375000 0.093750
vt 0.390625 0.531250
vt 0.390625 0.562500
vt 0.375000 0.562500
vt 0.375000 0.531250
vt 0.398438 0.968750
vt 0.390625 0.937500
vt 0.390625 0.000000
vt 0.398438 0.031250
vt 0.382812 0.031250
vt 0.390625 0.468750
vt 0.390625 0.500000
vt 0.375000 0.500000
vt 0.375000 0.468750
vt 0.390625 0.906250
vt 0.375000 0.937500
vt 0.375000 0.906250
vt 0.359375 0.156250
vt 0.359375 0.187500
vt 0.343750 0.187500
vt 0.343750 0.156250
vt 0.359375 0.593750
vt 0.359375 0.625000
vt 0.343750 0.625000
vt 0.343750 0.593750
vt 0.359375 0.093750
vt 0.359375 0.125000
vt 0.343750 0.125000
vt 0.343750 0.093750
vt 0.359375 0.531250
vt 0.359375 0.562500
vt 0.343750 0.562500
vt 0.343750 0.531250
vt 0.367188 0.968750
vt 0.359375 0.937500
vt 0.359375 0.000000
vt 0.367188 0.031250
vt 0.351562 0.031250
vt 0.359375 0.468750
vt 0.359375 0.500000
vt 0.343750 0.500000
vt 0.343750 0.468750
vt 0.359375 0.906250
vt 0.343750 0.937500
vt 0.343750 0.906250
vt 0.359375 0.406250
vt 0.359375 0.437500
vt 0.343750 0.437500
vt 0.343750 0.406250
vt 0.359375 0.843750
vt 0.359375 0.875000
vt 0.343750 0.875000
vt 0.343750 0.843750
vt 0.359375 0.343750
vt 0.359375 0.375000
vt 0.343750 0.375000
vt 0.343750 0.343750
vt 0.359375 0.781250
vt 0.359375 0.812500
vt 0.343750 0.812500
vt 0.343750 0.781250
vt 0.359375 0.281250
vt 0.359375 0.312500
vt 0.343750 0.312500
vt 0.343750 0.281250
vt 0.359375 0.718750
vt 0.359375 0.750000
vt 0.343750 0.750000
vt 0.343750 0.718750
vt 0.359375 0.218750
vt 0.359375 0.250000
vt 0.343750 0.250000
vt 0.343750 0.218750
vt 0.359375 0.656250
vt 0.359375 0.687500
vt 0.343750 0.687500
vt 0.343750 0.656250
vt 0.328125 0.843750
vt 0.328125 0.875000
vt 0.312500 0.875000
vt 0.312500 0.843750
vt 0.328125 0.343750
vt 0.328125 0.375000
vt 0.312500 0.375000
vt 0.312500 0.343750
vt 0.328125 0.781250
vt 0.328125 0.812500
vt 0.312500 0.812500
vt 0.312500 0.781250
vt 0.328125 0.281250
vt 0.328125 0.312500
vt 0.312500 0.312500
vt 0.312500 0.281250
vt 0.328125 0.718750
vt 0.328125 0.750000
vt 0.312500 0.750000
vt 0.312500 0.718750
vt 0.328125 0.218750
vt 0.328125 0.250000
vt 0.312500 0.250000
vt 0.312500 0.218750
vt 0.328125 0.656250
vt 0.328125 0.687500
vt 0.312500 0.687500
vt 0.312500 0.656250
vt 0.328125 0.156250
vt 0.328125 0.187500
vt 0.312500 0.187500
vt 0.312500 0.156250
vt 0.328125 0.593750
vt 0.328125 0.625000
vt 0.312500 0.625000
vt 0.312500 0.593750
vt 0.328125 0.093750
vt 0.328125 0.125000
vt 0.312500 0.125000
vt 0.312500 0.093750
vt 0.328125 0.531250
vt 0.328125 0.562500
vt 0.312500 0.562500
vt 0.312500 0.531250
vt 0.335938 0.968750
vt 0.328125 0.937500
vt 0.328125 0.000000
vt 0.335938 0.031250
vt 0.320312 0.031250
vt 0.328125 0.468750
vt 0.328125 0.500000
vt 0.312500 0.500000
vt 0.312500 0.468750
vt 0.328125 0.906250
vt 0.312500 0.937500
vt 0.312500 0.906250
vt 0.328125 0.406250
vt 0.328125 0.437500
vt 0.312500 0.437500
vt 0.312500 0.406250
vt 0.296875 0.593750
vt 0.296875 0.625000
vt 0.281250 0.625000
vt 0.281250 0.593750
vt 0.296875 0.093750
vt 0.296875 0.125000
vt 0.281250 0.125000
vt 0.281250 0.093750
vt 0.296875 0.531250
vt 0.296875 0.562500
vt 0.281250 0.562500
vt 0.281250 0.531250
vt 0.304688 0.968750
vt 0.296875 0.937500
vt 0.296875 0.000000
vt 0.304688 0.031250
vt 0.289062 0.031250
vt 0.296875 0.468750
vt 0.296875 0.500000
vt 0.281250 0.500000
vt 0.281250 0.468750
vt 0.296875 0.906250
vt 0.281250 0.937500
vt 0.281250 0.906250
vt 0.296875 0.406250
vt 0.296875 0.437500
vt 0.281250 0.437500
vt 0.281250 0.406250
vt 0.296875 0.843750
vt 0.296875 0.875000
vt 0.281250 0.875000
vt 0.281250 0.843750
vt 0.296875 0.343750
vt 0.296875 0.375000
vt 0.281250 0.375000
vt 0.281250 0.343750
vt 0.296875 0.781250
vt 0.296875 0.812500
vt 0.281250 0.812500
vt 0.281250 0.781250
vt 0.296875 0.281250
vt 0.296875 0.312500
vt 0.281250 0.312500
vt 0.281250 0.281250
vt 0.296875 0.718750
vt 0.296875 0.750000
vt 0.281250 0.750000
vt 0.281250 0.718750
vt 0.296875 0.218750
vt 0.296875 0.250000
vt 0.281250 0.250000
vt 0.281250 0.218750
vt 0.296875 0.656250
vt 0.296875 0.687500
vt 0.281250 0.687500
vt 0.281250 0.656250
vt 0.296875 0.156250
vt 0.296875 0.187500
vt 0.281250 0.187500
vt 0.281250 0.156250
vt 0.265625 0.343750
vt 0.265625 0.375000
vt 0.250000 0.375000
vt 0.250000 0.343750
vt 0.265625 0.781250
vt 0.265625 0.812500
vt 0.250000 0.812500
vt 0.250000 0.781250
vt 0.265625 0.281250
vt 0.265625 0.312500
vt 0.250000 0.312500
vt 0.250000 0.281250
vt 0.265625 0.718750
vt 0.265625 0.750000
vt 0.250000 0.750000
vt 0.250000 0.718750
vt 0.265625 0.218750
vt 0.265625 0.250000
vt 0.250000 0.250000
vt 0.250000 0.218750
vt 0.265625 0.656250
vt 0.265625 0.687500
vt 0.250000 0.687500
vt 0.250000 0.656250
vt 0.265625 0.156250
vt 0.265625 0.187500
vt 0.250000 0.187500
vt 0.250000 0.156250
vt 0.265625 0.593750
vt 0.265625 0.625000
vt 0.250000 0.625000
vt 0.250000 0.593750
vt 0.265625 0.093750
vt 0.265625 0.125000
vt 0.250000 0.125000
vt 0.250000 0.093750
vt 0.265625 0.531250
vt 0.265625 0.562500
vt 0.250000 0.562500
vt 0.250000 0.531250
vt 0.273438 0.968750
vt 0.265625 0.937500
vt 0.265625 0.000000
vt 0.273438 0.031250
vt 0.257812 0.031250
vt 0.265625 0.468750
vt 0.265625 0.500000
vt 0.250000 0.500000
vt 0.250000 0.468750
vt 0.265625 0.906250
vt 0.250000 0.937500
vt 0.250000 0.906250
vt 0.265625 0.406250
vt 0.265625 0.437500
vt 0.250000 0.437500
vt 0.250000 0.406250
vt 0.265625 0.843750
vt 0.265625 0.875000
vt 0.250000 0.875000
vt 0.250000 0.843750
vt 0.234375 0.093750
vt 0.234375 0.125000
vt 0.218750 0.125000
vt 0.218750 0.093750
vt 0.234375 0.531250
vt 0.234375 0.562500
vt 0.218750 0.562500
vt 0.218750 0.531250
vt 0.242188 0.968750
vt 0.234375 0.937500
vt 0.234375 0.000000
vt 0.242188 0.031250
vt 0.226562 0.031250
vt 0.234375 0.468750
vt 0.234375 0.500000
vt 0.218750 0.500000
vt 0.218750 0.468750
vt 0.234375 0.906250
vt 0.218750 0.937500
vt 0.218750 0.906250
vt 0.234375 0.406250
vt 0.234375 0.437500
vt 0.218750 0.437500
vt 0.218750 0.406250
vt 0.234375 0.843750
vt 0.234375 0.875000
vt 0.218750 0.875000
vt 0.218750 0.843750
vt 0.234375 0.343750
vt 0.234375 0.375000
vt 0.218750 0.375000
vt 0.218750 0.343750
vt 0.234375 0.781250
vt 0.234375 0.812500
vt 0.218750 0.812500
vt 0.218750 0.781250
vt 0.234375 0.281250
vt 0.234375 0.312500
vt 0.218750 0.312500
vt 0.218750 0.281250
vt 0.234375 0.718750
vt 0.234375 0.750000
vt 0.218750 0.750000
vt 0.218750 0.718750
vt 0.234375 0.218750
vt 0.234375 0.250000
vt 0.218750 0.250000
vt 0.218750 0.218750
vt 0.234375 0.656250
vt 0.234375 0.687500
vt 0.218750 0.687500
vt 0.218750 0.656250
vt 0.234375 0.156250
vt 0.234375 0.187500
vt 0.218750 0.187500
vt 0.218750 0.156250
vt 0.234375 0.593750
vt 0.234375 0.625000
vt 0.218750 0.625000
vt 0.218750 0.593750
vt 0.203125 0.781250
vt 0.203125 0.812500
vt 0.187500 0.812500
vt 0.187500 0.781250
vt 0.203125 0.281250
vt 0.203125 0.312500
vt 0.187500 0.312500
vt 0.187500 0.281250
vt 0.203125 0.718750
vt 0.203125 0.750000
vt 0.187500 0.750000
vt 0.187500 0.718750
vt 0.203125 0.218750
vt 0.203125 0.250000
vt 0.187500 0.250000
vt 0.187500 0.218750
vt 0.203125 0.656250
vt 0.203125 0.687500
vt 0.187500 0.687500
vt 0.187500 0.656250
vt 0.203125 0.156250
vt 0.203125 0.187500
vt 0.187500 0.187500
vt 0.187500 0.156250
vt 0.203125 0.593750
vt 0.203125 0.625000
vt 0.187500 0.625000
vt 0.187500 0.593750
vt 0.203125 0.093750
vt 0.203125 0.125000
vt 0.187500 0.125000
vt 0.187500 0.093750
vt 0.203125 0.531250
vt 0.203125 0.562500
vt 0.187500 0.562500
vt 0.187500 0.531250
vt 0.210938 0.968750
vt 0.203125 0.937500
vt 0.203125 0.000000
vt 0.210938 0.031250
vt 0.195312 0.031250
vt 0.203125 0.468750
vt 0.203125 0.500000
vt 0.187500 0.500000
vt 0.187500 0.468750
vt 0.203125 0.906250
vt 0.187500 0.937500
vt 0.187500 0.906250
vt 0.203125 0.406250
vt 0.203125 0.437500
vt 0.187500 0.437500
vt 0.187500 0.406250
vt 0.203125 0.843750
vt 0.203125 0.875000
vt 0.187500 0.875000
vt 0.187500 0.843750
vt 0.203125 0.343750
vt 0.203125 0.375000
vt 0.187500 0.375000
vt 0.187500 0.343750
vt 0.171875 0.531250
vt 0.171875 0.562500
vt 0.156250 0.562500
vt 0.156250 0.531250
vt 0.179688 0.968750
vt 0.171875 0.937500
vt 0.171875 0.000000
vt 0.179688 0.031250
vt 0.164063 0.031250
vt 0.171875 0.468750
vt 0.171875 0.500000
vt 0.156250 0.500000
vt 0.156250 0.468750
vt 0.171875 0.906250
vt 0.156250 0.937500
vt 0.156250 0.906250
vt 0.171875 0.406250
vt 0.171875 0.437500
vt 0.156250 0.437500
vt 0.156250 0.406250
vt 0.171875 0.843750
vt 0.171875 0.875000
vt 0.156250 0.875000
vt 0.156250 0.843750
vt 0.171875 0.343750
vt 0.171875 0.375000
vt 0.156250 0.375000
vt 0.156250 0.343750
vt 0.171875 0.781250
vt 0.171875 0.812500
vt 0.156250 0.812500
vt 0.156250 0.781250
vt 0.171875 0.281250
vt 0.171875 0.312500
vt 0.156250 0.312500
vt 0.156250 0.281250
vt 0.171875 0.718750
vt 0.171875 0.750000
vt 0.156250 0.750000
vt 0.156250 0.718750
vt 0.171875 0.218750
vt 0.171875 0.250000
vt 0.156250 0.250000
vt 0.156250 0.218750
vt 0.171875 0.656250
vt 0.171875 0.687500
vt 0.156250 0.687500
vt 0.156250 0.656250
vt 0.171875 0.156250
vt 0.171875 0.187500
vt 0.156250 0.187500
vt 0.156250 0.156250
vt 0.171875 0.593750
vt 0.171875 0.625000
vt 0.156250 0.625000
vt 0.156250 0.593750
vt 0.171875 0.093750
vt 0.171875 0.125000
vt 0.156250 0.125000
vt 0.156250 0.093750
vt 0.140625 0.281250
vt 0.140625 0.312500
vt 0.125000 0.312500
vt 0.125000 0.281250
vt 0.140625 0.718750
vt 0.140625 0.750000
vt 0.125000 0.750000
vt 0.125000 0.718750
vt 0.140625 0.218750
vt 0.140625 0.250000
vt 0.125000 0.250000
vt 0.125000 0.218750
vt 0.140625 0.656250
vt 0.140625 0.687500
vt 0.125000 0.687500
vt 0.125000 0.656250
vt 0.140625 0.156250
vt 0.140625 0.187500
vt 0.125000 0.187500
vt 0.125000 0.156250
vt 0.140625 0.593750
vt 0.140625 0.625000
vt 0.125000 0.625000
vt 0.125000 0.593750
vt 0.140625 0.093750
vt 0.140625 0.125000
vt 0.125000 0.125000
vt 0.125000 0.093750
vt 0.140625 0.531250
vt 0.140625 0.562500
vt 0.125000 0.562500
vt 0.125000 0.531250
vt 0.148438 0.968750
vt 0.140625 0.937500
vt 0.140625 0.000000
vt 0.148438 0.031250
vt 0.132813 0.031250
vt 0.140625 0.468750
vt 0.140625 0.500000
vt 0.125000 0.500000
vt 0.125000 0.468750
vt 0.140625 0.906250
vt 0.125000 0.937500
vt 0.125000 0.906250
vt 0.140625 0.406250
vt 0.140625 0.437500
vt 0.125000 0.437500
vt 0.125000 0.406250
vt 0.140625 0.843750
vt 0.140625 0.875000
vt 0.125000 0.875000
vt 0.125000 0.843750
vt 0.140625 0.343750
vt 0.140625 0.375000
vt 0.125000 0.375000
vt 0.125000 0.343750
vt 0.140625 0.781250
vt 0.140625 0.812500
vt 0.125000 0.812500
vt 0.125000 0.781250
vt 0.109375 0.000000
vt 0.117188 0.031250
vt 0.101562 0.031250
vt 0.109375 0.468750
vt 0.109375 0.500000
vt 0.093750 0.500000
vt 0.093750 0.468750
vt 0.109375 0.906250
vt 0.109375 0.937500
vt 0.093750 0.937500
vt 0.093750 0.906250
vt 0.109375 0.406250
vt 0.109375 0.437500
vt 0.093750 0.437500
vt 0.093750 0.406250
vt 0.109375 0.843750
vt 0.109375 0.875000
vt 0.093750 0.875000
vt 0.093750 0.843750
vt 0.109375 0.343750
vt 0.109375 0.375000
vt 0.093750 0.375000
vt 0.093750 0.343750
vt 0.109375 0.781250
vt 0.109375 0.812500
vt 0.093750 0.812500
vt 0.093750 0.781250
vt 0.109375 0.281250
vt 0.109375 0.312500
vt 0.093750 0.312500
vt 0.093750 0.281250
vt 0.109375 0.718750
vt 0.109375 0.750000
vt 0.093750 0.750000
vt 0.093750 0.718750
vt 0.109375 0.218750
vt 0.109375 0.250000
vt 0.093750 0.250000
vt 0.093750 0.218750
vt 0.109375 0.656250
vt 0.109375 0.687500
vt 0.093750 0.687500
vt 0.093750 0.656250
vt 0.109375 0.156250
vt 0.109375 0.187500
vt 0.093750 0.187500
vt 0.093750 0.156250
vt 0.109375 0.593750
vt 0.109375 0.625000
vt 0.093750 0.625000
vt 0.093750 0.593750
vt 0.109375 0.093750
vt 0.109375 0.125000
vt 0.093750 0.125000
vt 0.093750 0.093750
vt 0.109375 0.531250
vt 0.109375 0.562500
vt 0.093750 0.562500
vt 0.093750 0.531250
vt 0.117188 0.968750
vt 0.078125 0.218750
vt 0.078125 0.250000
vt 0.062500 0.250000
vt 0.062500 0.218750
vt 0.078125 0.656250
vt 0.078125 0.687500
vt 0.062500 0.687500
vt 0.062500 0.656250
vt 0.078125 0.156250
vt 0.078125 0.187500
vt 0.062500 0.187500
vt 0.062500 0.156250
vt 0.078125 0.593750
vt 0.078125 0.625000
vt 0.062500 0.625000
vt 0.062500 0.593750
vt 0.078125 0.093750
vt 0.078125 0.125000
vt 0.062500 0.125000
vt 0.062500 0.093750
vt 0.078125 0.531250
vt 0.078125 0.562500
vt 0.062500 0.562500
vt 0.062500 0.531250
vt 0.085938 0.968750
vt 0.078125 0.937500
vt 0.078125 0.000000
vt 0.085938 0.031250
vt 0.070312 0.031250
vt 0.078125 0.468750
vt 0.078125 0.500000
vt 0.062500 0.500000
vt 0.062500 0.468750
vt 0.078125 0.906250
vt 0.062500 0.937500
vt 0.062500 0.906250
vt 0.078125 0.406250
vt 0.078125 0.437500
vt 0.062500 0.437500
vt 0.062500 0.406250
vt 0.078125 0.843750
vt 0.078125 0.875000
vt 0.062500 0.875000
vt 0.062500 0.843750
vt 0.078125 0.343750
vt 0.078125 0.375000
vt 0.062500 0.375000
vt 0.062500 0.343750
vt 0.078125 0.781250
vt 0.078125 0.812500
vt 0.062500 0.812500
vt 0.062500 0.781250
vt 0.078125 0.281250
vt 0.078125 0.312500
vt 0.062500 0.312500
vt 0.062500 0.281250
vt 0.078125 0.718750
vt 0.078125 0.750000
vt 0.062500 0.750000
vt 0.062500 0.718750
vt 0.046875 0.906250
vt 0.046875 0.937500
vt 0.031250 0.937500
vt 0.031250 0.906250
vt 0.046875 0.406250
vt 0.046875 0.437500
vt 0.031250 0.437500
vt 0.031250 0.406250
vt 0.046875 0.843750
vt 0.046875 0.875000
vt 0.031250 0.875000
vt 0.031250 0.843750
vt 0.046875 0.343750
vt 0.046875 0.375000
vt 0.031250 0.375000
vt 0.031250 0.343750
vt 0.046875 0.781250
vt 0.046875 0.812500
vt 0.031250 0.812500
vt 0.031250 0.781250
vt 0.046875 0.281250
vt 0.046875 0.312500
vt 0.031250 0.312500
vt 0.031250 0.281250
vt 0.046875 0.718750
vt 0.046875 0.750000
vt 0.031250 0.750000
vt 0.031250 0.718750
vt 0.046875 0.218750
vt 0.046875 0.250000
vt 0.031250 0.250000
vt 0.031250 0.218750
vt 0.046875 0.656250
vt 0.046875 0.687500
vt 0.031250 0.687500
vt 0.031250 0.656250
vt 0.046875 0.156250
vt 0.046875 0.187500
vt 0.031250 0.187500
vt 0.031250 0.156250
vt 0.046875 0.593750
vt 0.046875 0.625000
vt 0.031250 0.625000
vt 0.031250 0.593750
vt 0.046875 0.093750
vt 0.046875 0.125000
vt 0.031250 0.125000
vt 0.031250 0.093750
vt 0.046875 0.531250
vt 0.046875 0.562500
vt 0.031250 0.562500
vt 0.031250 0.531250
vt 0.054687 0.968750
vt 0.046875 0.000000
vt 0.054687 0.031250
vt 0.039062 0.031250
vt 0.046875 0.468750
vt 0.046875 0.500000
vt 0.031250 0.500000
vt 0.031250 0.468750
vt 0.015625 0.656250
vt 0.015625 0.687500
vt 0.000000 0.687500
vt 0.000000 0.656250
vt 0.015625 0.156250
vt 0.015625 0.187500
vt 0.000000 0.187500
vt 0.000000 0.156250
vt 0.015625 0.593750
vt 0.015625 0.625000
vt 0.000000 0.625000
vt 0.000000 0.593750
vt 0.015625 0.093750
vt 0.015625 0.125000
vt 0.000000 0.125000
vt 0.000000 0.093750
vt 0.015625 0.531250
vt 0.015625 0.562500
vt 0.000000 0.562500
vt 0.000000 0.531250
vt 0.023438 0.968750
vt 0.015625 0.937500
vt 0.015625 0.000000
vt 0.023438 0.031250
vt 0.007812 0.031250
vt 0.015625 0.468750
vt 0.015625 0.500000
vt 0.000000 0.500000
vt 0.000000 0.468750
vt 0.015625 0.906250
vt 0.000000 0.937500
vt 0.000000 0.906250
vt 0.015625 0.406250
vt 0.015625 0.437500
vt 0.000000 0.437500
vt 0.000000 0.406250
vt 0.015625 0.843750
vt 0.015625 0.875000
vt 0.000000 0.875000
vt 0.000000 0.843750
vt 0.015625 0.343750
vt 0.015625 0.375000
vt 0.000000 0.375000
vt 0.000000 0.343750
vt 0.015625 0.781250
vt 0.015625 0.812500
vt 0.000000 0.812500
vt 0.000000 0.781250
vt 0.015625 0.281250
vt 0.015625 0.312500
vt 0.000000 0.312500
vt 0.000000 0.281250
vt 0.015625 0.718750
vt 0.015625 0.750000
vt 0.000000 0.750000
vt 0.000000 0.718750
vt 0.015625 0.218750
vt 0.015625 0.250000
vt 0.000000 0.250000
vt 0.000000 0.218750
vt 0.984375 0.406250
vt 0.984375 0.437500
vt 0.968750 0.437500
vt 0.968750 0.406250
vt 0.984375 0.843750
vt 0.984375 0.875000
vt 0.968750 0.875000
vt 0.968750 0.843750
vt 0.984375 0.343750
vt 0.984375 0.375000
vt 0.968750 0.375000
vt 0.968750 0.343750
vt 0.984375 0.781250
vt 0.984375 0.812500
vt 0.968750 0.812500
vt 0.968750 0.781250
vt 0.984375 0.281250
vt 0.984375 0.312500
vt 0.968750 0.312500
vt 0.968750 0.281250
vt 0.984375 0.718750
vt 0.984375 0.750000
vt 0.968750 0.750000
vt 0.968750 0.718750
vt 0.984375 0.218750
vt 0.984375 0.250000
vt 0.968750 0.250000
vt 0.968750 0.218750
vt 0.984375 0.656250
vt 0.984375 0.687500
vt 0.968750 0.687500
vt 0.968750 0.656250
vt 0.984375 0.156250
vt 0.984375 0.187500
vt 0.968750 0.187500
vt 0.968750 0.156250
vt 0.984375 0.593750
vt 0.984375 0.625000
vt 0.968750 0.625000
vt 0.968750 0.593750
vt 0.984375 0.093750
vt 0.984375 0.125000
vt 0.968750 0.125000
vt 0.968750 0.093750
vt 0.984375 0.531250
vt 0.984375 0.562500
vt 0.968750 0.562500
vt 0.968750 0.531250
vt 1.000000 0.937500
vt 0.992188 0.968750
vt 0.984375 0.937500
vt 0.984375 0.000000
vt 0.992188 0.031250
vt 0.976562 0.031250
vt 0.984375 0.468750
vt 0.984375 0.500000
vt 0.968750 0.500000
vt 0.968750 0.468750
vt 0.984375 0.906250
vt 0.968750 0.937500
vt 0.968750 0.906250
vt 0.953125 0.156250
vt 0.953125 0.187500
vt 0.937500 0.187500
vt 0.937500 0.156250
vt 0.953125 0.593750
vt 0.953125 0.625000
vt 0.937500 0.625000
vt 0.937500 0.593750
vt 0.953125 0.093750
vt 0.953125 0.125000
vt 0.937500 0.125000
vt 0.937500 0.093750
vt 0.953125 0.531250
vt 0.953125 0.562500
vt 0.937500 0.562500
vt 0.937500 0.531250
vt 0.960938 0.968750
vt 0.953125 0.937500
vt 0.953125 0.000000
vt 0.960938 0.031250
vt 0.945312 0.031250
vt 0.953125 0.468750
vt 0.953125 0.500000
vt 0.937500 0.500000
vt 0.937500 0.468750
vt 0.953125 0.906250
vt 0.937500 0.937500
vt 0.937500 0.906250
vt 0.953125 0.406250
vt 0.953125 0.437500
vt 0.937500 0.437500
vt 0.937500 0.406250
vt 0.953125 0.843750
vt 0.953125 0.875000
vt 0.937500 0.875000
vt 0.937500 0.843750
vt 0.953125 0.343750
vt 0.953125 0.375000
vt 0.937500 0.375000
vt 0.937500 0.343750
vt 0.953125 0.781250
vt 0.953125 0.812500
vt 0.937500 0.812500
vt 0.937500 0.781250
vt 0.953125 0.281250
vt 0.953125 0.312500
vt 0.937500 0.312500
vt 0.937500 0.281250
vt 0.953125 0.718750
vt 0.953125 0.750000
vt 0.937500 0.750000
vt 0.937500 0.718750
vt 0.953125 0.218750
vt 0.953125 0.250000
vt 0.937500 0.250000
vt 0.937500 0.218750
vt 0.953125 0.656250
vt 0.953125 0.687500
vt 0.937500 0.687500
vt 0.937500 0.656250
vt 0.921875 0.843750
vt 0.921875 0.875000
vt 0.906250 0.875000
vt 0.906250 0.843750
vt 0.921875 0.343750
vt 0.921875 0.375000
vt 0.906250 0.375000
vt 0.906250 0.343750
vt 0.921875 0.781250
vt 0.921875 0.812500
vt 0.906250 0.812500
vt 0.906250 0.781250
vt 0.921875 0.281250
vt 0.921875 0.312500
vt 0.906250 0.312500
vt 0.906250 0.281250
vt 0.921875 0.718750
vt 0.921875 0.750000
vt 0.906250 0.750000
vt 0.906250 0.718750
vt 0.921875 0.218750
vt 0.921875 0.250000
vt 0.906250 0.250000
vt 0.906250 0.218750
vt 0.921875 0.656250
vt 0.921875 0.687500
vt 0.906250 0.687500
vt 0.906250 0.656250
vt 0.921875 0.156250
vt 0.921875 0.187500
vt 0.906250 0.187500
vt 0.906250 0.156250
vt 0.921875 0.593750
vt 0.921875 0.625000
vt 0.906250 0.625000
vt 0.906250 0.593750
vt 0.921875 0.093750
vt 0.921875 0.125000
vt 0.906250 0.125000
vt 0.906250 0.093750
vt 0.921875 0.531250
vt 0.921875 0.562500
vt 0.906250 0.562500
vt 0.906250 0.531250
vt 0.929688 0.968750
vt 0.921875 0.937500
vt 0.921875 0.000000
vt 0.929688 0.031250
vt 0.914062 0.031250
vt 0.921875 0.468750
vt 0.921875 0.500000
vt 0.906250 0.500000
vt 0.906250 0.468750
vt 0.921875 0.906250
vt 0.906250 0.937500
vt 0.906250 0.906250
vt 0.921875 0.406250
vt 0.921875 0.437500
vt 0.906250 0.437500
vt 0.906250 0.406250
vt 0.890625 0.593750
vt 0.890625 0.625000
vt 0.875000 0.625000
vt 0.875000 0.593750
vt 0.890625 0.093750
vt 0.890625 0.125000
vt 0.875000 0.125000
vt 0.875000 0.093750
vt 0.890625 0.531250
vt 0.890625 0.562500
vt 0.875000 0.562500
vt 0.875000 0.531250
vt 0.898438 0.968750
vt 0.890625 0.937500
vt 0.890625 0.000000
vt 0.898438 0.031250
vt 0.882812 0.031250
vt 0.890625 0.468750
vt 0.890625 0.500000
vt 0.875000 0.500000
vt 0.875000 0.468750
vt 0.890625 0.906250
vt 0.875000 0.937500
vt 0.875000 0.906250
vt 0.890625 0.406250
vt 0.890625 0.437500
vt 0.875000 0.437500
vt 0.875000 0.406250
vt 0.890625 0.843750
vt 0.890625 0.875000
vt 0.875000 0.875000
vt 0.875000 0.843750
vt 0.890625 0.343750
vt 0.890625 0.375000
vt 0.875000 0.375000
vt 0.875000 0.343750
vt 0.890625 0.781250
vt 0.890625 0.812500
vt 0.875000 0.812500
vt 0.875000 0.781250
vt 0.890625 0.281250
vt 0.890625 0.312500
vt 0.875000 0.312500
vt 0.875000 0.281250
vt 0.890625 0.718750
vt 0.890625 0.750000
vt 0.875000 0.750000
vt 0.875000 0.718750
vt 0.890625 0.218750
vt 0.890625 0.250000
vt 0.875000 0.250000
vt 0.875000 0.218750
vt 0.890625 0.656250
vt 0.890625 0.687500
vt 0.875000 0.687500
vt 0.875000 0.656250
vt 0.890625 0.156250
vt 0.890625 0.187500
vt 0.875000 0.187500
vt 0.875000 0.156250
vt 0.859375 0.343750
vt 0.859375 0.375000
vt 0.843750 0.375000
vt 0.843750 0.343750
vt 0.859375 0.781250
vt 0.859375 0.812500
vt 0.843750 0.812500
vt 0.843750 0.781250
vt 0.859375 0.281250
vt 0.859375 0.312500
vt 0.843750 0.312500
vt 0.843750 0.281250
vt 0.859375 0.718750
vt 0.859375 0.750000
vt 0.843750 0.750000
vt 0.843750 0.718750
vt 0.859375 0.218750
vt 0.859375 0.250000
vt 0.843750 0.250000
vt 0.843750 0.218750
vt 0.859375 0.656250
vt 0.859375 0.687500
vt 0.843750 0.687500
vt 0.843750 0.656250
vt 0.859375 0.156250
vt 0.859375 0.187500
vt 0.843750 0.187500
vt 0.843750 0.156250
vt 0.859375 0.593750
vt 0.859375 0.625000
vt 0.843750 0.625000
vt 0.843750 0.593750
vt 0.859375 0.093750
vt 0.859375 0.125000
vt 0.843750 0.125000
vt 0.843750 0.093750
vt 0.859375 0.531250
vt 0.859375 0.562500
vt 0.843750 0.562500
vt 0.843750 0.531250
vt 0.867188 0.968750
vt 0.859375 0.937500
vt 0.859375 0.000000
vt 0.867188 0.031250
vt 0.851562 0.031250
vt 0.859375 0.468750
vt 0.859375 0.500000
vt 0.843750 0.500000
vt 0.843750 0.468750
vt 0.859375 0.906250
vt 0.843750 0.937500
vt 0.843750 0.906250
vt 0.859375 0.406250
vt 0.859375 0.437500
vt 0.843750 0.437500
vt 0.843750 0.406250
vt 0.859375 0.843750
vt 0.859375 0.875000
vt 0.843750 0.875000
vt 0.843750 0.843750
vt 0.828125 0.093750
vt 0.828125 0.125000
vt 0.812500 0.125000
vt 0.812500 0.093750
vt 0.828125 0.531250
vt 0.828125 0.562500
vt 0.812500 0.562500
vt 0.812500 0.531250
vt 0.835938 0.968750
vt 0.828125 0.937500
vt 0.828125 0.000000
vt 0.835938 0.031250
vt 0.820312 0.031250
vt 0.828125 0.468750
vt 0.828125 0.500000
vt 0.812500 0.500000
vt 0.812500 0.468750
vt 0.828125 0.906250
vt 0.812500 0.937500
vt 0.812500 0.906250
vt 0.828125 0.406250
vt 0.828125 0.437500
vt 0.812500 0.437500
vt 0.812500 0.406250
vt 0.828125 0.843750
vt 0.828125 0.875000
vt 0.812500 0.875000
vt 0.812500 0.843750
vt 0.828125 0.343750
vt 0.828125 0.375000
vt 0.812500 0.375000
vt 0.812500 0.343750
vt 0.828125 0.781250
vt 0.828125 0.812500
vt 0.812500 0.812500
vt 0.812500 0.781250
vt 0.828125 0.281250
vt 0.828125 0.312500
vt 0.812500 0.312500
vt 0.812500 0.281250
vt 0.828125 0.718750
vt 0.828125 0.750000
vt 0.812500 0.750000
vt 0.812500 0.718750
vt 0.828125 0.218750
vt 0.828125 0.250000
vt 0.812500 0.250000
vt 0.812500 0.218750
vt 0.828125 0.656250
vt 0.828125 0.687500
vt 0.812500 0.687500
vt 0.812500 0.656250
vt 0.828125 0.156250
vt 0.828125 0.187500
vt 0.812500 0.187500
vt 0.812500 0.156250
vt 0.828125 0.593750
vt 0.828125 0.625000
vt 0.812500 0.625000
vt 0.812500 0.593750
vt 0.796875 0.281250
vt 0.796875 0.312500
vt 0.781250 0.312500
vt 0.781250 0.281250
vt 0.796875 0.718750
vt 0.796875 0.750000
vt 0.781250 0.750000
vt 0.781250 0.718750
vt 0.796875 0.218750
vt 0.796875 0.250000
vt 0.781250 0.250000
vt 0.781250 0.218750
vt 0.796875 0.656250
vt 0.796875 0.687500
vt 0.781250 0.687500
vt 0.781250 0.656250
vt 0.796875 0.156250
vt 0.796875 0.187500
vt 0.781250 0.187500
vt 0.781250 0.156250
vt 0.796875 0.593750
vt 0.796875 0.625000
vt 0.781250 0.625000
vt 0.781250 0.593750
vt 0.796875 0.093750
vt 0.796875 0.125000
vt 0.781250 0.125000
vt 0.781250 0.093750
vt 0.796875 0.531250
vt 0.796875 0.562500
vt 0.781250 0.562500
vt 0.781250 0.531250
vt 0.804688 0.968750
vt 0.796875 0.937500
vt 0.796875 0.000000
vt 0.804688 0.031250
vt 0.789062 0.031250
vt 0.796875 0.468750
vt 0.796875 0.500000
vt 0.781250 0.500000
vt 0.781250 0.468750
vt 0.796875 0.906250
vt 0.781250 0.937500
vt 0.781250 0.906250
vt 0.796875 0.406250
vt 0.796875 0.437500
vt 0.781250 0.437500
vt 0.781250 0.406250
vt 0.796875 0.843750
vt 0.796875 0.875000
vt 0.781250 0.875000
vt 0.781250 0.843750
vt 0.796875 0.343750
vt 0.796875 0.375000
vt 0.781250 0.375000
vt 0.781250 0.343750
vt 0.796875 0.781250
vt 0.796875 0.812500
vt 0.781250 0.812500
vt 0.781250 0.781250
vt 0.773438 0.968750
vt 0.765625 0.937500
vt 0.765625 0.000000
vt 0.773438 0.031250
vt 0.757812 0.031250
vt 0.765625 0.468750
vt 0.765625 0.500000
vt 0.750000 0.500000
vt 0.750000 0.468750
vt 0.765625 0.906250
vt 0.750000 0.906250
vt 0.765625 0.406250
vt 0.765625 0.437500
vt 0.750000 0.437500
vt 0.750000 0.406250
vt 0.765625 0.843750
vt 0.765625 0.875000
vt 0.750000 0.875000
vt 0.750000 0.843750
vt 0.765625 0.343750
vt 0.765625 0.375000
vt 0.750000 0.375000
vt 0.750000 0.343750
vt 0.765625 0.781250
vt 0.765625 0.812500
vt 0.750000 0.812500
vt 0.750000 0.781250
vt 0.765625 0.281250
vt 0.765625 0.312500
vt 0.750000 0.312500
vt 0.750000 0.281250
vt 0.765625 0.718750
vt 0.765625 0.750000
vt 0.750000 0.750000
vt 0.750000 0.718750
vt 0.765625 0.218750
vt 0.765625 0.250000
vt 0.750000 0.250000
vt 0.750000 0.218750
vt 0.765625 0.656250
vt 0.765625 0.687500
vt 0.750000 0.687500
vt 0.750000 0.656250
vt 0.765625 0.156250
vt 0.765625 0.187500
vt 0.750000 0.187500
vt 0.750000 0.156250
vt 0.765625 0.593750
vt 0.765625 0.625000
vt 0.750000 0.625000
vt 0.750000 0.593750
vt 0.765625 0.093750
vt 0.765625 0.125000
vt 0.750000 0.125000
vt 0.750000 0.093750
vt 0.765625 0.531250
vt 0.765625 0.562500
vt 0.750000 0.562500
vt 0.750000 0.531250
vt 0.765625 0.062500
vt 0.750000 0.062500
vt 0.781250 0.062500
vt 0.757812 0.968750
vt 0.765625 1.000000
vt 0.796875 0.062500
vt 0.812500 0.062500
vt 0.789062 0.968750
vt 0.796875 1.000000
vt 0.828125 0.062500
vt 0.843750 0.062500
vt 0.820312 0.968750
vt 0.828125 1.000000
vt 0.859375 0.062500
vt 0.875000 0.062500
vt 0.851562 0.968750
vt 0.859375 1.000000
vt 0.890625 0.062500
vt 0.906250 0.062500
vt 0.882812 0.968750
vt 0.890625 1.000000
vt 0.921875 0.062500
vt 0.937500 0.062500
vt 0.914062 0.968750
vt 0.921875 1.000000
vt 0.953125 0.062500
vt 0.968750 0.062500
vt 0.945312 0.968750
vt 0.953125 1.000000
vt 1.000000 0.875000
vt 1.000000 0.906250
vt 1.000000 0.437500
vt 1.000000 0.468750
vt 1.000000 0.500000
vt 0.984375 0.062500
vt 1.000000 0.062500
vt 0.976562 0.968750
vt 0.984375 1.000000
vt 1.000000 0.531250
vt 1.000000 0.562500
vt 1.000000 0.093750
vt 1.000000 0.125000
vt 1.000000 0.593750
vt 1.000000 0.625000
vt 1.000000 0.156250
vt 1.000000 0.187500
vt 1.000000 0.656250
vt 1.000000 0.687500
vt 1.000000 0.218750
vt 1.000000 0.250000
vt 1.000000 0.718750
vt 1.000000 0.750000
vt 1.000000 0.281250
vt 1.000000 0.312500
vt 1.000000 0.781250
vt 1.000000 0.812500
vt 1.000000 0.343750
vt 1.000000 0.375000
vt 1.000000 0.843750
vt 1.000000 0.406250
vt 0.015625 0.062500
vt 0.000000 0.062500
vt 0.031250 0.062500
vt 0.007812 0.968750
vt 0.015625 1.000000
vt 0.046875 0.062500
vt 0.062500 0.062500
vt 0.039062 0.968750
vt 0.046875 1.000000
vt 0.078125 0.062500
vt 0.093750 0.062500
vt 0.070312 0.968750
vt 0.078125 1.000000
vt 0.101562 0.968750
vt 0.109375 1.000000
vt 0.109375 0.062500
vt 0.125000 0.062500
vt 0.140625 0.062500
vt 0.156250 0.062500
vt 0.132813 0.968750
vt 0.140625 1.000000
vt 0.171875 0.062500
vt 0.187500 0.062500
vt 0.164063 0.968750
vt 0.171875 1.000000
vt 0.203125 0.062500
vt 0.218750 0.062500
vt 0.195312 0.968750
vt 0.203125 1.000000
vt 0.234375 0.062500
vt 0.250000 0.062500
vt 0.226562 0.968750
vt 0.234375 1.000000
vt 0.265625 0.062500
vt 0.281250 0.062500
vt 0.257812 0.968750
vt 0.265625 1.000000
vt 0.296875 0.062500
vt 0.312500 0.062500
vt 0.289062 0.968750
vt 0.296875 1.000000
vt 0.328125 0.062500
vt 0.343750 0.062500
vt 0.320312 0.968750
vt 0.328125 1.000000
vt 0.359375 0.062500
vt 0.375000 0.062500
vt 0.351562 0.968750
vt 0.359375 1.000000
vt 0.390625 0.062500
vt 0.406250 0.062500
vt 0.382812 0.968750
vt 0.390625 1.000000
vt 0.421875 0.062500
vt 0.437500 0.062500
vt 0.414062 0.968750
vt 0.421875 1.000000
vt 0.453125 0.062500
vt 0.468750 0.062500
vt 0.445312 0.968750
vt 0.453125 1.000000
vt 0.484375 0.062500
vt 0.500000 0.062500
vt 0.476562 0.968750
vt 0.484375 1.000000
vt 0.515625 0.062500
vt 0.531250 0.062500
vt 0.507812 0.968750
vt 0.515625 1.000000
vt 0.546875 0.062500
vt 0.562500 0.062500
vt 0.539062 0.968750
vt 0.546875 1.000000
vt 0.578125 0.062500
vt 0.593750 0.062500
vt 0.570312 0.968750
vt 0.578125 1.000000
vt 0.609375 0.062500
vt 0.625000 0.062500
vt 0.601562 0.968750
vt 0.609375 1.000000
vt 0.640625 0.062500
vt 0.656250 0.062500
vt 0.632812 0.968750
vt 0.640625 1.000000
vt 0.671875 0.062500
vt 0.687500 0.062500
vt 0.664062 0.968750
vt 0.671875 1.000000
vt 0.703125 0.062500
vt 0.718750 0.062500
vt 0.695312 0.968750
vt 0.703125 1.000000
vt 0.734375 0.062500
vt 0.726562 0.968750
vt 0.734375 1.000000
vt 0.000000 0.000000
vt 1.000000 0.000000
vt 1.000000 1.000000
vt 0.000000 1.000000
s 1
usemtl Material.002
f 1922/1/1 500/2/2 15/3/3 491/4/4
f 474/5/5 1388/6/6 1400/7/7
f 8/8/8 1397/9/9 1399/10/10
f 1921/11/11 499/12/12 16/13/13 492/14/14
f 1920/15/15 1400/7/7 9/16/16 485/17/17
f 1919/18/18 501/19/19 17/20/20 493/21/21
f 1918/22/22 1402/23/23 10/24/24 486/25/25
f 1917/26/26 1403/27/27 18/28/28 494/29/29
f 1916/30/30 502/31/31 11/32/32 487/33/33
f 1915/34/34 503/35/35 19/36/36 495/37/37
f 1914/38/38 1404/39/39 12/40/40 488/41/41
f 1913/42/42 1405/43/43 20/44/44 496/45/45
f 1912/46/46 504/47/47 13/48/48 489/49/49
f 1911/50/50 1406/51/51 21/52/52 497/53/53
f 1910/54/54 1407/55/55 14/56/56 490/57/57
f 1909/58/58 1408/59/59 22/60/60 498/61/61
f 1908/62/62 520/63/63 36/64/64 517/65/65
f 1907/66/66 522/67/67 29/68/68 510/69/69
f 1906/70/70 519/71/71 37/72/72 518/73/73
f 1905/74/74 521/75/75 30/76/76 511/77/77
f 9/16/16 1398/78/78 525/79/79
f 8/80/8 1399/81/10 1410/82/80
f 1904/83/81 524/84/82 31/85/83 512/86/84
f 1903/87/85 525/79/79 24/88/86 505/89/87
f 1902/90/88 526/91/89 32/92/90 513/93/91
f 1901/94/92 527/95/93 25/96/94 506/97/95
f 1900/98/96 528/99/97 33/100/98 514/101/99
f 1899/102/100 529/103/101 26/104/102 507/105/103
f 1898/106/104 530/107/105 34/108/106 515/109/107
f 1897/110/108 531/111/109 27/112/110 508/113/111
f 1896/114/112 532/115/113 35/116/114 516/117/115
f 1895/118/116 533/119/117 28/120/118 509/121/119
f 1894/122/120 549/123/121 48/124/122 543/125/123
f 1893/126/124 551/127/125 41/128/126 536/129/127
f 1892/130/128 548/131/129 49/132/130 544/133/131
f 1891/134/132 550/135/133 42/136/134 537/137/135
f 1890/138/136 552/139/137 50/140/138 545/141/139
f 1889/142/140 553/143/141 43/144/142 538/145/143
f 1888/146/144 554/147/145 51/148/146 546/149/147
f 1887/150/148 555/151/149 44/152/150 539/153/151
f 1886/154/152 556/155/153 52/156/154 547/157/155
f 1885/158/156 557/159/157 45/160/158 540/161/159
f 24/88/86 1409/162/160 560/163/161
f 8/164/8 1410/165/80 1412/166/162
f 1884/167/163 559/168/164 46/169/165 541/170/166
f 1883/171/167 560/163/161 39/172/168 534/173/169
f 1882/174/170 561/175/171 47/176/172 542/177/173
f 1881/178/174 562/179/175 40/180/176 535/181/177
f 1880/182/178 578/183/179 67/184/180 576/185/181
f 1879/186/182 580/187/183 60/188/184 569/189/185
f 39/172/168 1411/190/186 581/191/187
f 8/192/8 1412/193/162 1414/194/188
f 1878/195/189 579/196/190 61/197/191 570/198/192
f 1877/199/193 581/191/187 54/200/194 563/201/195
f 1876/202/196 582/203/197 62/204/198 571/205/199
f 1875/206/200 583/207/201 55/208/202 564/209/203
f 1874/210/204 584/211/205 63/212/206 572/213/207
f 1873/214/208 585/215/209 56/216/210 565/217/211
f 1872/218/212 586/219/213 64/220/214 573/221/215
f 1871/222/216 587/223/217 57/224/218 566/225/219
f 1870/226/220 588/227/221 65/228/222 574/229/223
f 1869/230/224 589/231/225 58/232/226 567/233/227
f 1868/234/228 590/235/229 66/236/230 575/237/231
f 1867/238/232 591/239/233 59/240/234 568/241/235
f 1866/242/236 607/243/237 71/244/238 594/245/239
f 1865/246/240 609/247/241 79/248/242 602/249/243
f 1864/250/244 606/251/245 72/252/246 595/253/247
f 1863/254/248 608/255/249 80/256/250 603/257/251
f 1862/258/252 610/259/253 73/260/254 596/261/255
f 1861/262/256 611/263/257 81/264/258 604/265/259
f 1860/266/260 612/267/261 74/268/262 597/269/263
f 1859/270/264 613/271/265 82/272/266 605/273/267
f 1858/274/268 614/275/269 75/276/270 598/277/271
f 54/200/194 1413/278/272 617/279/273
f 8/280/8 1414/281/188 1416/282/274
f 1857/283/275 616/284/276 76/285/277 599/286/278
f 1856/287/279 617/279/273 69/288/280 592/289/281
f 1855/290/282 618/291/283 77/292/284 600/293/285
f 1854/294/286 619/295/287 70/296/288 593/297/289
f 1853/298/290 620/299/291 78/300/292 601/301/293
f 1852/302/294 636/303/295 90/304/296 627/305/297
f 69/288/280 1415/306/298 637/307/299
f 8/308/8 1416/309/274 1418/310/300
f 1851/311/301 635/312/302 91/313/303 628/314/304
f 1850/315/305 637/307/299 84/316/306 621/317/307
f 1849/318/308 639/319/309 92/320/310 629/321/311
f 1848/322/312 640/323/313 85/324/314 622/325/315
f 1847/326/316 641/327/317 93/328/318 630/329/319
f 1846/330/320 642/331/321 86/332/322 623/333/323
f 1845/334/324 643/335/325 94/336/326 631/337/327
f 1844/338/328 644/339/329 87/340/330 624/341/331
f 1843/342/332 645/343/333 95/344/334 632/345/335
f 1842/346/336 646/347/337 88/348/338 625/349/339
f 1841/350/340 647/351/341 96/352/342 633/353/343
f 1840/354/344 648/355/345 89/356/346 626/357/347
f 1839/358/348 649/359/349 97/360/350 634/361/351
f 1838/362/352 665/363/353 109/364/354 660/365/355
f 1837/366/356 667/367/357 102/368/358 653/369/359
f 1836/370/360 664/371/361 110/372/362 661/373/363
f 1835/374/364 666/375/365 103/376/366 654/377/367
f 1834/378/368 668/379/369 111/380/370 662/381/371
f 1833/382/372 669/383/373 104/384/374 655/385/375
f 1832/386/376 670/387/377 112/388/378 663/389/379
f 1831/390/380 671/391/381 105/392/382 656/393/383
f 84/316/306 1417/394/384 674/395/385
f 8/396/8 1418/397/300 1420/398/386
f 1830/399/387 673/400/388 106/401/389 657/402/390
f 1829/403/391 674/395/385 99/404/392 650/405/393
f 1828/406/394 675/407/395 107/408/396 658/409/397
f 1827/410/398 676/411/399 100/412/400 651/413/401
f 1826/414/402 677/415/403 108/416/404 659/417/405
f 1825/418/406 678/419/407 101/420/408 652/421/409
f 99/404/392 1419/422/410 693/423/411
f 8/424/8 1420/425/386 1422/426/412
f 1824/427/413 696/428/414 121/429/415 686/430/416
f 1823/431/417 693/423/411 114/432/418 679/433/419
f 1822/434/420 695/435/421 122/436/422 687/437/423
f 1821/438/424 697/439/425 115/440/426 680/441/427
f 1820/442/428 698/443/429 123/444/430 688/445/431
f 1819/446/432 699/447/433 116/448/434 681/449/435
f 1818/450/436 700/451/437 124/452/438 689/453/439
f 1817/454/440 701/455/441 117/456/442 682/457/443
f 1816/458/444 702/459/445 125/460/446 690/461/447
f 1815/462/448 703/463/449 118/464/450 683/465/451
f 1814/466/452 704/467/453 126/468/454 691/469/455
f 1813/470/456 705/471/457 119/472/458 684/473/459
f 1812/474/460 706/475/461 127/476/462 692/477/463
f 1811/478/464 707/479/465 120/480/466 685/481/467
f 1810/482/468 723/483/469 132/484/470 711/485/471
f 1809/486/472 725/487/473 140/488/474 719/489/475
f 1808/490/476 722/491/477 133/492/478 712/493/479
f 1807/494/480 724/495/481 141/496/482 720/497/483
f 1806/498/484 726/499/485 134/500/486 713/501/487
f 1805/502/488 727/503/489 142/504/490 721/505/491
f 1804/506/492 728/507/493 135/508/494 714/509/495
f 114/432/418 1421/510/496 731/511/497
f 8/512/8 1422/513/412 1424/514/498
f 1803/515/499 730/516/500 136/517/501 715/518/502
f 1802/519/503 731/511/497 129/520/504 708/521/505
f 1801/522/506 732/523/507 137/524/508 716/525/509
f 1800/526/510 733/527/511 130/528/512 709/529/513
f 1799/530/514 734/531/515 138/532/516 717/533/517
f 1798/534/518 735/535/519 131/536/520 710/537/521
f 1797/538/522 736/539/523 139/540/524 718/541/525
f 1796/542/526 752/543/527 151/544/528 744/545/529
f 1795/546/530 754/547/531 144/548/532 737/549/533
f 1794/550/534 751/551/535 152/552/536 745/553/537
f 1793/554/538 753/555/539 145/556/540 738/557/541
f 1792/558/542 755/559/543 153/560/544 746/561/545
f 1791/562/546 756/563/547 146/564/548 739/565/549
f 1790/566/550 757/567/551 154/568/552 747/569/553
f 1789/570/554 758/571/555 147/572/556 740/573/557
f 1788/574/558 759/575/559 155/576/560 748/577/561
f 1787/578/562 760/579/563 148/580/564 741/581/565
f 1786/582/566 761/583/567 156/584/568 749/585/569
f 1785/586/570 762/587/571 149/588/572 742/589/573
f 1784/590/574 763/591/575 157/592/576 750/593/577
f 1783/594/578 764/595/579 150/596/580 743/597/581
f 129/520/504 1423/598/582 754/547/531
f 8/599/8 1424/600/498 1426/601/583
f 1782/602/584 781/603/585 170/604/586 777/605/587
f 1781/606/588 783/607/589 163/608/590 770/609/591
f 1780/610/592 780/611/593 171/612/594 778/613/595
f 1779/614/596 782/615/597 164/616/598 771/617/599
f 1778/618/600 784/619/601 172/620/602 779/621/603
f 1777/622/604 785/623/605 165/624/606 772/625/607
f 144/548/532 1425/626/608 788/627/609
f 8/628/8 1426/629/583 1428/630/610
f 1776/631/611 787/632/612 166/633/613 773/634/614
f 1775/635/615 788/627/609 159/636/616 766/637/617
f 1774/638/618 789/639/619 167/640/620 774/641/621
f 1773/642/622 790/643/623 160/644/624 767/645/625
f 1772/646/626 791/647/627 168/648/628 775/649/629
f 1771/650/630 792/651/631 161/652/632 768/653/633
f 1770/654/634 793/655/635 169/656/636 776/657/637
f 1769/658/638 794/659/639 162/660/640 769/661/641
f 1768/662/642 810/663/643 182/664/644 803/665/645
f 1767/666/646 812/667/647 175/668/648 796/669/649
f 1766/670/650 809/671/651 183/672/652 804/673/653
f 1765/674/654 811/675/655 176/676/656 797/677/657
f 1764/678/658 813/679/659 184/680/660 805/681/661
f 1763/682/662 814/683/663 177/684/664 798/685/665
f 1762/686/666 815/687/667 185/688/668 806/689/669
f 1761/690/670 816/691/671 178/692/672 799/693/673
f 1760/694/674 817/695/675 186/696/676 807/697/677
f 1759/698/678 818/699/679 179/700/680 800/701/681
f 1758/702/682 819/703/683 187/704/684 808/705/685
f 1757/706/686 820/707/687 180/708/688 801/709/689
f 159/636/616 1427/710/690 823/711/691
f 8/712/8 1428/713/610 1430/714/692
f 1756/715/693 822/716/694 181/717/695 802/718/696
f 1755/719/697 823/711/691 174/720/698 795/721/699
f 1754/722/700 839/723/701 201/724/702 836/725/703
f 1753/726/704 841/727/705 194/728/706 829/729/707
f 1752/730/708 838/731/709 202/732/710 837/733/711
f 1751/734/712 840/735/713 195/736/714 830/737/715
f 174/720/698 1429/738/716 844/739/717
f 8/740/8 1430/741/692 1432/742/718
f 1750/743/719 843/744/720 196/745/721 831/746/722
f 1749/747/723 844/739/717 189/748/724 824/749/725
f 1748/750/726 845/751/727 197/752/728 832/753/729
f 1747/754/730 846/755/731 190/756/732 825/757/733
f 1746/758/734 847/759/735 198/760/736 833/761/737
f 1745/762/738 848/763/739 191/764/740 826/765/741
f 1744/766/742 849/767/743 199/768/744 834/769/745
f 1743/770/746 850/771/747 192/772/748 827/773/749
f 1742/774/750 851/775/751 200/776/752 835/777/753
f 1741/778/754 852/779/755 193/780/756 828/781/757
f 1740/782/758 868/783/759 205/784/760 854/785/761
f 1739/786/762 870/787/763 213/788/764 862/789/765
f 1738/790/766 867/791/767 206/792/768 855/793/769
f 1737/794/770 869/795/771 214/796/772 863/797/773
f 1736/798/774 871/799/775 207/800/776 856/801/777
f 1735/802/778 872/803/779 215/804/780 864/805/781
f 1734/806/782 873/807/783 208/808/784 857/809/785
f 1733/810/786 874/811/787 216/812/788 865/813/789
f 1732/814/790 875/815/791 209/816/792 858/817/793
f 1731/818/794 876/819/795 217/820/796 866/821/797
f 1730/822/798 877/823/799 210/824/800 859/825/801
f 189/748/724 1431/826/802 880/827/803
f 8/828/8 1432/829/718 1434/830/804
f 1729/831/805 879/832/806 211/833/807 860/834/808
f 1728/835/809 880/827/803 204/836/810 853/837/811
f 1727/838/812 881/839/813 212/840/814 861/841/815
f 1726/842/816 897/843/817 224/844/818 887/845/819
f 1725/846/820 899/847/821 232/848/822 895/849/823
f 1724/850/824 896/851/825 225/852/826 888/853/827
f 204/836/810 1433/854/828 901/855/829
f 8/856/8 1434/857/804 1436/858/830
f 1723/859/831 900/860/832 226/861/833 889/862/834
f 1722/863/835 901/855/829 219/864/836 882/865/837
f 1721/866/838 902/867/839 227/868/840 890/869/841
f 1720/870/842 903/871/843 220/872/844 883/873/845
f 1719/874/846 904/875/847 228/876/848 891/877/849
f 1718/878/850 905/879/851 221/880/852 884/881/853
f 1717/882/854 906/883/855 229/884/856 892/885/857
f 1716/886/858 907/887/859 222/888/860 885/889/861
f 1715/890/862 908/891/863 230/892/864 893/893/865
f 1714/894/866 909/895/867 223/896/868 886/897/869
f 1713/898/870 910/899/871 231/900/872 894/901/873
f 1712/902/874 926/903/875 243/904/876 920/905/877
f 1711/906/878 928/907/879 236/908/880 913/909/881
f 1710/910/882 925/911/883 244/912/884 921/913/885
f 1709/914/886 927/915/887 237/916/888 914/917/889
f 1708/918/890 929/919/891 245/920/892 922/921/893
f 1707/922/894 930/923/895 238/924/896 915/925/897
f 1706/926/898 931/927/899 246/928/900 923/929/901
f 1705/930/902 932/931/903 239/932/904 916/933/905
f 1704/934/906 933/935/907 247/936/908 924/937/909
f 1703/938/910 934/939/911 240/940/912 917/941/913
f 219/864/836 1435/942/914 937/943/915
f 8/944/8 1436/945/830 1438/946/916
f 1702/947/917 936/948/918 241/949/919 918/950/920
f 1701/951/921 937/943/915 234/952/922 911/953/923
f 1700/954/924 938/955/925 242/956/926 919/957/927
f 1699/958/928 939/959/929 235/960/930 912/961/931
f 1698/962/932 955/963/933 262/964/934 953/965/935
f 1697/966/936 957/967/937 255/968/938 946/969/939
f 234/952/922 1437/970/940 958/971/941
f 8/972/8 1438/973/916 1440/974/942
f 1696/975/943 956/976/944 256/977/945 947/978/946
f 1695/979/947 958/971/941 249/980/948 940/981/949
f 1694/982/950 959/983/951 257/984/952 948/985/953
f 1693/986/954 960/987/955 250/988/956 941/989/957
f 1692/990/958 961/991/959 258/992/960 949/993/961
f 1691/994/962 962/995/963 251/996/964 942/997/965
f 1690/998/966 963/999/967 259/1000/968 950/1001/969
f 1689/1002/970 964/1003/971 252/1004/972 943/1005/973
f 1688/1006/974 965/1007/975 260/1008/976 951/1009/977
f 1687/1010/978 966/1011/979 253/1012/980 944/1013/981
f 1686/1014/982 967/1015/983 261/1016/984 952/1017/985
f 1685/1018/986 968/1019/987 254/1020/988 945/1021/989
f 1684/1022/990 984/1023/991 266/1024/992 971/1025/993
f 1683/1026/994 986/1027/995 274/1028/996 979/1029/997
f 1682/1030/998 983/1031/999 267/1032/1000 972/1033/1001
f 1681/1034/1002 985/1035/1003 275/1036/1004 980/1037/1005
f 1680/1038/1006 987/1039/1007 268/1040/1008 973/1041/1009
f 1679/1042/1010 988/1043/1011 276/1044/1012 981/1045/1013
f 1678/1046/1014 989/1047/1015 269/1048/1016 974/1049/1017
f 1677/1050/1018 990/1051/1019 277/1052/1020 982/1053/1021
f 1676/1054/1022 991/1055/1023 270/1056/1024 975/1057/1025
f 249/980/948 1439/1058/1026 994/1059/1027
f 8/1060/8 1440/1061/942 1442/1062/1028
f 1675/1063/1029 993/1064/1030 271/1065/1031 976/1066/1032
f 1674/1067/1033 994/1059/1027 264/1068/1034 969/1069/1035
f 1673/1070/1036 995/1071/1037 272/1072/1038 977/1073/1039
f 1672/1074/1040 996/1075/1041 265/1076/1042 970/1077/1043
f 1671/1078/1044 997/1079/1045 273/1080/1046 978/1081/1047
f 1670/1082/1048 1013/1083/1049 285/1084/1050 1004/1085/1051
f 264/1068/1034 1441/1086/1052 1014/1087/1053
f 8/1088/8 1442/1089/1028 1444/1090/1054
f 1669/1091/1055 1012/1092/1056 286/1093/1057 1005/1094/1058
f 1668/1095/1059 1014/1087/1053 279/1096/1060 998/1097/1061
f 1667/1098/1062 1016/1099/1063 287/1100/1064 1006/1101/1065
f 1666/1102/1066 1017/1103/1067 280/1104/1068 999/1105/1069
f 1665/1106/1070 1018/1107/1071 288/1108/1072 1007/1109/1073
f 1664/1110/1074 1019/1111/1075 281/1112/1076 1000/1113/1077
f 1663/1114/1078 1020/1115/1079 289/1116/1080 1008/1117/1081
f 1662/1118/1082 1021/1119/1083 282/1120/1084 1001/1121/1085
f 1661/1122/1086 1022/1123/1087 290/1124/1088 1009/1125/1089
f 1660/1126/1090 1023/1127/1091 283/1128/1092 1002/1129/1093
f 1659/1130/1094 1024/1131/1095 291/1132/1096 1010/1133/1097
f 1658/1134/1098 1025/1135/1099 284/1136/1100 1003/1137/1101
f 1657/1138/1102 1026/1139/1103 292/1140/1104 1011/1141/1105
f 1656/1142/1106 1042/1143/1107 304/1144/1108 1037/1145/1109
f 1655/1146/1110 1044/1147/1111 297/1148/1112 1030/1149/1113
f 1654/1150/1114 1041/1151/1115 305/1152/1116 1038/1153/1117
f 1653/1154/1118 1043/1155/1119 298/1156/1120 1031/1157/1121
f 1652/1158/1122 1045/1159/1123 306/1160/1124 1039/1161/1125
f 1651/1162/1126 1046/1163/1127 299/1164/1128 1032/1165/1129
f 1650/1166/1130 1047/1167/1131 307/1168/1132 1040/1169/1133
f 1649/1170/1134 1048/1171/1135 300/1172/1136 1033/1173/1137
f 279/1096/1060 1443/1174/1138 1051/1175/1139
f 8/1176/8 1444/1177/1054 1446/1178/1140
f 1648/1179/1141 1050/1180/1142 301/1181/1143 1034/1182/1144
f 1647/1183/1145 1051/1175/1139 294/1184/1146 1027/1185/1147
f 1646/1186/1148 1052/1187/1149 302/1188/1150 1035/1189/1151
f 1645/1190/1152 1053/1191/1153 295/1192/1154 1028/1193/1155
f 1644/1194/1156 1054/1195/1157 303/1196/1158 1036/1197/1159
f 1643/1198/1160 1055/1199/1161 296/1200/1162 1029/1201/1163
f 8/1202/8 1446/1203/1140 1448/1204/1164
f 1642/1205/1165 1072/1206/1166 316/1207/1167 1063/1208/1168
f 1641/1209/1169 1074/1210/1170 309/1211/1171 1056/1212/1172
f 1640/1213/1173 1071/1214/1174 317/1215/1175 1064/1216/1176
f 1639/1217/1177 1073/1218/1178 310/1219/1179 1057/1220/1180
f 1638/1221/1181 1075/1222/1182 318/1223/1183 1065/1224/1184
f 1637/1225/1185 1076/1226/1186 311/1227/1187 1058/1228/1188
f 1636/1229/1189 1077/1230/1190 319/1231/1191 1066/1232/1192
f 1635/1233/1193 1078/1234/1194 312/1235/1195 1059/1236/1196
f 1634/1237/1197 1079/1238/1198 320/1239/1199 1067/1240/1200
f 1633/1241/1201 1080/1242/1202 313/1243/1203 1060/1244/1204
f 1632/1245/1205 1081/1246/1206 321/1247/1207 1068/1248/1208
f 1631/1249/1209 1082/1250/1210 314/1251/1211 1061/1252/1212
f 1630/1253/1213 1083/1254/1214 322/1255/1215 1069/1256/1216
f 1629/1257/1217 1084/1258/1218 315/1259/1219 1062/1260/1220
f 294/1184/1146 1445/1261/1221 1074/1210/1170
f 1628/1262/1222 1100/1263/1223 335/1264/1224 1096/1265/1225
f 1627/1266/1226 1102/1267/1227 328/1268/1228 1089/1269/1229
f 1626/1270/1230 1099/1271/1231 336/1272/1232 1097/1273/1233
f 1625/1274/1234 1101/1275/1235 329/1276/1236 1090/1277/1237
f 1624/1278/1238 1103/1279/1239 337/1280/1240 1098/1281/1241
f 1623/1282/1242 1104/1283/1243 330/1284/1244 1091/1285/1245
f 309/1211/1171 1447/1286/1246 1107/1287/1247
f 8/1288/8 1448/1289/1164 1450/1290/1248
f 1622/1291/1249 1106/1292/1250 331/1293/1251 1092/1294/1252
f 1621/1295/1253 1107/1287/1247 324/1296/1254 1085/1297/1255
f 1620/1298/1256 1108/1299/1257 332/1300/1258 1093/1301/1259
f 1619/1302/1260 1109/1303/1261 325/1304/1262 1086/1305/1263
f 1618/1306/1264 1110/1307/1265 333/1308/1266 1094/1309/1267
f 1617/1310/1268 1111/1311/1269 326/1312/1270 1087/1313/1271
f 1616/1314/1272 1112/1315/1273 334/1316/1274 1095/1317/1275
f 1615/1318/1276 1113/1319/1277 327/1320/1278 1088/1321/1279
f 1614/1322/1280 1129/1323/1281 339/1324/1282 1114/1325/1283
f 1613/1326/1284 1131/1327/1285 347/1328/1286 1122/1329/1287
f 1612/1330/1288 1128/1331/1289 340/1332/1290 1115/1333/1291
f 1611/1334/1292 1130/1335/1293 348/1336/1294 1123/1337/1295
f 1610/1338/1296 1132/1339/1297 341/1340/1298 1116/1341/1299
f 1609/1342/1300 1133/1343/1301 349/1344/1302 1124/1345/1303
f 1608/1346/1304 1134/1347/1305 342/1348/1306 1117/1349/1307
f 1607/1350/1308 1135/1351/1309 350/1352/1310 1125/1353/1311
f 1606/1354/1312 1136/1355/1313 343/1356/1314 1118/1357/1315
f 1605/1358/1316 1137/1359/1317 351/1360/1318 1126/1361/1319
f 1604/1362/1320 1138/1363/1321 344/1364/1322 1119/1365/1323
f 1603/1366/1324 1139/1367/1325 352/1368/1326 1127/1369/1327
f 1602/1370/1328 1140/1371/1329 345/1372/1330 1120/1373/1331
f 324/1296/1254 1449/1374/1332 1129/1323/1281
f 8/1375/8 1450/1376/1248 1452/1377/1333
f 1601/1378/1334 1142/1379/1335 346/1380/1336 1121/1381/1337
f 1600/1382/1338 1158/1383/1339 358/1384/1340 1147/1385/1341
f 1599/1386/1342 1160/1387/1343 366/1388/1344 1155/1389/1345
f 1598/1390/1346 1157/1391/1347 359/1392/1348 1148/1393/1349
f 1597/1394/1350 1159/1395/1351 367/1396/1352 1156/1397/1353
f 1596/1398/1354 1161/1399/1355 360/1400/1356 1149/1401/1357
f 339/1324/1282 1451/1402/1358 1164/1403/1359
f 8/1404/8 1452/1405/1333 1454/1406/1360
f 1595/1407/1361 1163/1408/1362 361/1409/1363 1150/1410/1364
f 1594/1411/1365 1164/1403/1359 354/1412/1366 1143/1413/1367
f 1593/1414/1368 1165/1415/1369 362/1416/1370 1151/1417/1371
f 1592/1418/1372 1166/1419/1373 355/1420/1374 1144/1421/1375
f 1591/1422/1376 1167/1423/1377 363/1424/1378 1152/1425/1379
f 1590/1426/1380 1168/1427/1381 356/1428/1382 1145/1429/1383
f 1589/1430/1384 1169/1431/1385 364/1432/1386 1153/1433/1387
f 1588/1434/1388 1170/1435/1389 357/1436/1390 1146/1437/1391
f 1587/1438/1392 1171/1439/1393 365/1440/1394 1154/1441/1395
f 1586/1442/1396 1187/1443/1397 377/1444/1398 1180/1445/1399
f 1585/1446/1400 1189/1447/1401 370/1448/1402 1173/1449/1403
f 1584/1450/1404 1186/1451/1405 378/1452/1406 1181/1453/1407
f 1583/1454/1408 1188/1455/1409 371/1456/1410 1174/1457/1411
f 1582/1458/1412 1190/1459/1413 379/1460/1414 1182/1461/1415
f 1581/1462/1416 1191/1463/1417 372/1464/1418 1175/1465/1419
f 1580/1466/1420 1192/1467/1421 380/1468/1422 1183/1469/1423
f 1579/1470/1424 1193/1471/1425 373/1472/1426 1176/1473/1427
f 1578/1474/1428 1194/1475/1429 381/1476/1430 1184/1477/1431
f 1577/1478/1432 1195/1479/1433 374/1480/1434 1177/1481/1435
f 1576/1482/1436 1196/1483/1437 382/1484/1438 1185/1485/1439
f 1575/1486/1440 1197/1487/1441 375/1488/1442 1178/1489/1443
f 354/1490/1366 1453/1491/1444 1200/1492/1445
f 8/1493/8 1454/1494/1360 1456/1495/1446
f 1574/1496/1447 1199/1497/1448 376/1498/1449 1179/1499/1450
f 1573/1500/1451 1200/1492/1445 369/1501/1452 1172/1502/1453
f 1572/1503/1454 1216/1504/1455 396/1505/1456 1213/1506/1457
f 1571/1507/1458 1218/1508/1459 389/1509/1460 1206/1510/1461
f 1570/1511/1462 1215/1512/1463 397/1513/1464 1214/1514/1465
f 1569/1515/1466 1217/1516/1467 390/1517/1468 1207/1518/1469
f 369/1501/1452 1455/1519/1470 1221/1520/1471
f 8/1521/8 1456/1522/1446 1458/1523/1472
f 1568/1524/1473 1220/1525/1474 391/1526/1475 1208/1527/1476
f 1567/1528/1477 1221/1520/1471 384/1529/1478 1201/1530/1479
f 1566/1531/1480 1222/1532/1481 392/1533/1482 1209/1534/1483
f 1565/1535/1484 1223/1536/1485 385/1537/1486 1202/1538/1487
f 1564/1539/1488 1224/1540/1489 393/1541/1490 1210/1542/1491
f 1563/1543/1492 1225/1544/1493 386/1545/1494 1203/1546/1495
f 1562/1547/1496 1226/1548/1497 394/1549/1498 1211/1550/1499
f 1561/1551/1500 1227/1552/1501 387/1553/1502 1204/1554/1503
f 1560/1555/1504 1228/1556/1505 395/1557/1506 1212/1558/1507
f 1559/1559/1508 1229/1560/1509 388/1561/1510 1205/1562/1511
f 1558/1563/1512 1245/1564/1513 400/1565/1514 1231/1566/1515
f 1557/1567/1516 1247/1568/1517 408/1569/1518 1239/1570/1519
f 1556/1571/1520 1244/1572/1521 401/1573/1522 1232/1574/1523
f 1555/1575/1524 1246/1576/1525 409/1577/1526 1240/1578/1527
f 1554/1579/1528 1248/1580/1529 402/1581/1530 1233/1582/1531
f 1553/1583/1532 1249/1584/1533 410/1585/1534 1241/1586/1535
f 1552/1587/1536 1250/1588/1537 403/1589/1538 1234/1590/1539
f 1551/1591/1540 1251/1592/1541 411/1593/1542 1242/1594/1543
f 1550/1595/1544 1252/1596/1545 404/1597/1546 1235/1598/1547
f 1549/1599/1548 1253/1600/1549 412/1601/1550 1243/1602/1551
f 1548/1603/1552 1254/1604/1553 405/1605/1554 1236/1606/1555
f 384/1529/1478 1457/1607/1556 1257/1608/1557
f 8/1609/8 1458/1610/1472 1460/1611/1558
f 1547/1612/1559 1256/1613/1560 406/1614/1561 1237/1615/1562
f 1546/1616/1563 1257/1608/1557 399/1617/1564 1230/1618/1565
f 1545/1619/1566 1258/1620/1567 407/1621/1568 1238/1622/1569
f 1544/1623/1570 1274/1624/1571 419/1625/1572 1264/1626/1573
f 1543/1627/1574 1276/1628/1575 427/1629/1576 1272/1630/1577
f 1542/1631/1578 1273/1632/1579 420/1633/1580 1265/1634/1581
f 399/1617/1564 1459/1635/1582 1278/1636/1583
f 8/1637/8 1460/1638/1558 1462/1639/1584
f 1541/1640/1585 1277/1641/1586 421/1642/1587 1266/1643/1588
f 1540/1644/1589 1278/1636/1583 414/1645/1590 1259/1646/1591
f 1539/1647/1592 1279/1648/1593 422/1649/1594 1267/1650/1595
f 1538/1651/1596 1280/1652/1597 415/1653/1598 1260/1654/1599
f 1537/1655/1600 1281/1656/1601 423/1657/1602 1268/1658/1603
f 1536/1659/1604 1282/1660/1605 416/1661/1606 1261/1662/1607
f 1535/1663/1608 1283/1664/1609 424/1665/1610 1269/1666/1611
f 1534/1667/1612 1284/1668/1613 417/1669/1614 1262/1670/1615
f 1533/1671/1616 1285/1672/1617 425/1673/1618 1270/1674/1619
f 1532/1675/1620 1286/1676/1621 418/1677/1622 1263/1678/1623
f 1531/1679/1624 1287/1680/1625 426/1681/1626 1271/1682/1627
f 1530/1683/1628 1303/1684/1629 438/1685/1630 1297/1686/1631
f 1529/1687/1632 1305/1688/1633 431/1689/1634 1290/1690/1635
f 1528/1691/1636 1302/1692/1637 439/1693/1638 1298/1694/1639
f 1527/1695/1640 1304/1696/1641 432/1697/1642 1291/1698/1643
f 1526/1699/1644 1306/1700/1645 440/1701/1646 1299/1702/1647
f 1525/1703/1648 1307/1704/1649 433/1705/1650 1292/1706/1651
f 1524/1707/1652 1308/1708/1653 441/1709/1654 1300/1710/1655
f 1523/1711/1656 1309/1712/1657 434/1713/1658 1293/1714/1659
f 1522/1715/1660 1310/1716/1661 442/1717/1662 1301/1718/1663
f 1521/1719/1664 1311/1720/1665 435/1721/1666 1294/1722/1667
f 414/1645/1590 1461/1723/1668 1314/1724/1669
f 8/1725/8 1462/1726/1584 1464/1727/1670
f 1520/1728/1671 1313/1729/1672 436/1730/1673 1295/1731/1674
f 1519/1732/1675 1314/1724/1669 429/1733/1676 1288/1734/1677
f 1518/1735/1678 1315/1736/1679 437/1737/1680 1296/1738/1681
f 1517/1739/1682 1316/1740/1683 430/1741/1684 1289/1742/1685
f 1516/1743/1686 1332/1744/1687 457/1745/1688 1330/1746/1689
f 1515/1747/1690 1334/1748/1691 450/1749/1692 1323/1750/1693
f 429/1733/1676 1463/1751/1694 1335/1752/1695
f 8/1753/8 1464/1754/1670 1466/1755/1696
f 1514/1756/1697 1333/1757/1698 451/1758/1699 1324/1759/1700
f 1513/1760/1701 1335/1752/1695 444/1761/1702 1317/1762/1703
f 1512/1763/1704 1336/1764/1705 452/1765/1706 1325/1766/1707
f 1511/1767/1708 1337/1768/1709 445/1769/1710 1318/1770/1711
f 1510/1771/1712 1338/1772/1713 453/1773/1714 1326/1774/1715
f 1509/1775/1716 1339/1776/1717 446/1777/1718 1319/1778/1719
f 1508/1779/1720 1340/1780/1721 454/1781/1722 1327/1782/1723
f 1507/1783/1724 1341/1784/1725 447/1785/1726 1320/1786/1727
f 1506/1787/1728 1342/1788/1729 455/1789/1730 1328/1790/1731
f 1505/1791/1732 1343/1792/1733 448/1793/1734 1321/1794/1735
f 1504/1795/1736 1344/1796/1737 456/1797/1738 1329/1798/1739
f 1503/1799/1740 1345/1800/1741 449/1801/1742 1322/1802/1743
f 1502/1803/1744 1361/1804/1745 469/1805/1746 1356/1806/1747
f 1501/1807/1748 1363/1808/1749 462/1809/1750 1349/1810/1751
f 1500/1811/1752 1360/1812/1753 470/1813/1754 1357/1814/1755
f 1499/1815/1756 1362/1816/1757 463/1817/1758 1350/1818/1759
f 1498/1819/1760 1364/1820/1761 471/1821/1762 1358/1822/1763
f 1497/1823/1764 1365/1824/1765 464/1825/1766 1351/1826/1767
f 1496/1827/1768 1366/1828/1769 472/1829/1770 1359/1830/1771
f 1495/1831/1772 1367/1832/1773 465/1833/1774 1352/1834/1775
f 444/1761/1702 1465/1835/1776 1370/1836/1777
f 8/1837/8 1466/1838/1696 1468/1839/1778
f 1494/1840/1779 1369/1841/1780 466/1842/1781 1353/1843/1782
f 1493/1844/1783 1370/1836/1777 459/1845/1784 1346/1846/1785
f 1492/1847/1786 1371/1848/1787 467/1849/1788 1354/1850/1789
f 1491/1851/1790 1372/1852/1791 460/1853/1792 1347/1854/1793
f 1490/1855/1794 1373/1856/1795 468/1857/1796 1355/1858/1797
f 1489/1859/1798 1374/1860/1799 461/1861/1800 1348/1862/1801
f 459/1845/1784 1467/1863/1802 1379/1864/1803
f 8/1865/8 1468/1866/1778 1397/1867/9
f 1488/1868/1804 1470/1869/1805 5/1870/1806 484/1871/1807
f 1487/1872/1808 1379/1864/1803 474/5/5 1375/1873/1809
f 1486/1874/1810 1469/1875/1811 6/1876/1812 1394/1877/1813
f 1485/1878/1814 1381/1879/1815 475/1880/1816 1389/1881/1817
f 1484/1882/1818 1382/1883/1819 478/1884/1820 1395/1885/1821
f 1483/1886/1822 1471/1887/1823 2/1888/1824 1390/1889/1825
f 1482/1890/1826 1472/1891/1827 7/1892/1828 1396/1893/1829
f 1481/1894/1830 1383/1895/1831 476/1896/1832 1391/1897/1833
f 1480/1898/1834 1384/1899/1835 479/1900/1836 1376/1901/1837
f 1479/1902/1838 1473/1903/1839 3/1904/1840 1392/1905/1841
f 1478/1906/1842 1385/1907/1843 480/1908/1844 1377/1909/1845
f 1477/1910/1846 1386/1911/1847 477/1912/1848 1393/1913/1849
f 1476/1914/1850 1387/1915/1851 481/1916/1852 1378/1917/1853
f 1475/1918/1854 1474/1919/1855 4/1920/1856 483/1921/1857
f 1470/1869/1805 1475/1918/1854 483/1921/1857 5/1870/1806
f 466/1842/1781 1352/1834/1775 1475/1918/1854 1470/1869/1805
f 1352/1834/1775 465/1833/1774 1474/1919/1855 1475/1918/1854
f 1380/1922/1858 1476/1914/1850 1378/1917/1853 482/1923/1859
f 473/1924/1860 1359/1830/1771 1476/1914/1850 1380/1922/1858
f 1359/1830/1771 472/1829/1770 1387/1915/1851 1476/1914/1850
f 1474/1919/1855 1477/1910/1846 1393/1913/1849 4/1920/1856
f 465/1833/1774 1351/1826/1767 1477/1910/1846 1474/1919/1855
f 1351/1826/1767 464/1825/1766 1386/1911/1847 1477/1910/1846
f 1387/1915/1851 1478/1906/1842 1377/1909/1845 481/1916/1852
f 472/1829/1770 1358/1822/1763 1478/1906/1842 1387/1915/1851
f 1358/1822/1763 471/1821/1762 1385/1907/1843 1478/1906/1842
f 1386/1911/1847 1479/1902/1838 1392/1905/1841 477/1912/1848
f 464/1825/1766 1350/1818/1759 1479/1902/1838 1386/1911/1847
f 1350/1818/1759 463/1817/1758 1473/1903/1839 1479/1902/1838
f 1385/1907/1843 1480/1898/1834 1376/1901/1837 480/1908/1844
f 471/1821/1762 1357/1814/1755 1480/1898/1834 1385/1907/1843
f 1357/1814/1755 470/1813/1754 1384/1899/1835 1480/1898/1834
f 1473/1903/1839 1481/1894/1830 1391/1897/1833 3/1904/1840
f 463/1817/1758 1349/1810/1751 1481/1894/1830 1473/1903/1839
f 1349/1810/1751 462/1809/1750 1383/1895/1831 1481/1894/1830
f 1384/1899/1835 1482/1890/1826 1396/1893/1829 479/1900/1836
f 470/1813/1754 1356/1806/1747 1482/1890/1826 1384/1899/1835
f 1356/1806/1747 469/1805/1746 1472/1891/1827 1482/1890/1826
f 1383/1895/1831 1483/1886/1822 1390/1889/1825 476/1896/1832
f 462/1809/1750 1348/1862/1801 1483/1886/1822 1383/1895/1831
f 1348/1862/1801 461/1861/1800 1471/1887/1823 1483/1886/1822
f 1472/1891/1827 1484/1882/1818 1395/1885/1821 7/1892/1828
f 469/1805/1746 1355/1858/1797 1484/1882/1818 1472/1891/1827
f 1355/1858/1797 468/1857/1796 1382/1883/1819 1484/1882/1818
f 1471/1887/1823 1485/1878/1814 1389/1881/1817 2/1888/1824
f 461/1861/1800 1347/1854/1793 1485/1878/1814 1471/1887/1823
f 1347/1854/1793 460/1853/1792 1381/1879/1815 1485/1878/1814
f 1382/1883/1819 1486/1874/1810 1394/1877/1813 478/1884/1820
f 468/1857/1796 1354/1850/1789 1486/1874/1810 1382/1883/1819
f 1354/1850/1789 467/1849/1788 1469/1875/1811 1486/1874/1810
f 1381/1879/1815 1487/1872/1808 1375/1873/1809 475/1880/1816
f 460/1853/1792 1346/1846/1785 1487/1872/1808 1381/1879/1815
f 1346/1846/1785 459/1845/1784 1379/1864/1803 1487/1872/1808
f 1469/1875/1811 1488/1868/1804 484/1871/1807 6/1876/1812
f 467/1849/1788 1353/1843/1782 1488/1868/1804 1469/1875/1811
f 1353/1843/1782 466/1842/1781 1470/1869/1805 1488/1868/1804
f 1397/1867/9 1380/1922/1858 482/1923/1859
f 1397/1867/9 1468/1866/1778 1380/1922/1858
f 1468/1866/1778 473/1924/1860 1380/1922/1858
f 1379/1864/1803 1388/1925/6 474/5/5
f 1379/1864/1803 1467/1863/1802 1388/1925/6
f 1467/1863/1802 1/1926/1861 1388/1925/6
f 1363/1808/1749 1489/1859/1798 1348/1862/1801 462/1809/1750
f 447/1785/1726 1319/1778/1719 1489/1859/1798 1363/1808/1749
f 1319/1778/1719 446/1777/1718 1374/1860/1799 1489/1859/1798
f 1361/1804/1745 1490/1855/1794 1355/1858/1797 469/1805/1746
f 454/1781/1722 1326/1774/1715 1490/1855/1794 1361/1804/1745
f 1326/1774/1715 453/1773/1714 1373/1856/1795 1490/1855/1794
f 1374/1860/1799 1491/1851/1790 1347/1854/1793 461/1861/1800
f 446/1777/1718 1318/1770/1711 1491/1851/1790 1374/1860/1799
f 1318/1770/1711 445/1769/1710 1372/1852/1791 1491/1851/1790
f 1373/1856/1795 1492/1847/1786 1354/1850/1789 468/1857/1796
f 453/1773/1714 1325/1766/1707 1492/1847/1786 1373/1856/1795
f 1325/1766/1707 452/1765/1706 1371/1848/1787 1492/1847/1786
f 1372/1852/1791 1493/1844/1783 1346/1846/1785 460/1853/1792
f 445/1769/1710 1317/1762/1703 1493/1844/1783 1372/1852/1791
f 1317/1762/1703 444/1761/1702 1370/1836/1777 1493/1844/1783
f 1371/1848/1787 1494/1840/1779 1353/1843/1782 467/1849/1788
f 452/1765/1706 1324/1759/1700 1494/1840/1779 1371/1848/1787
f 1324/1759/1700 451/1758/1699 1369/1841/1780 1494/1840/1779
f 1468/1839/1778 1368/1927/1862 473/1924/1860
f 1468/1839/1778 1466/1838/1696 1368/1927/1862
f 1466/1838/1696 458/1928/1863 1368/1927/1862
f 1370/1836/1777 1467/1929/1802 459/1845/1784
f 1370/1836/1777 1465/1835/1776 1467/1929/1802
f 1465/1835/1776 1/1930/1861 1467/1929/1802
f 1369/1841/1780 1495/1831/1772 1352/1834/1775 466/1842/1781
f 451/1758/1699 1323/1750/1693 1495/1831/1772 1369/1841/1780
f 1323/1750/1693 450/1749/1692 1367/1832/1773 1495/1831/1772
f 1368/1927/1862 1496/1827/1768 1359/1830/1771 473/1924/1860
f 458/1928/1863 1330/1746/1689 1496/1827/1768 1368/1927/1862
f 1330/1746/1689 457/1745/1688 1366/1828/1769 1496/1827/1768
f 1367/1832/1773 1497/1823/1764 1351/1826/1767 465/1833/1774
f 450/1749/1692 1322/1802/1743 1497/1823/1764 1367/1832/1773
f 1322/1802/1743 449/1801/1742 1365/1824/1765 1497/1823/1764
f 1366/1828/1769 1498/1819/1760 1358/1822/1763 472/1829/1770
f 457/1745/1688 1329/1798/1739 1498/1819/1760 1366/1828/1769
f 1329/1798/1739 456/1797/1738 1364/1820/1761 1498/1819/1760
f 1365/1824/1765 1499/1815/1756 1350/1818/1759 464/1825/1766
f 449/1801/1742 1321/1794/1735 1499/1815/1756 1365/1824/1765
f 1321/1794/1735 448/1793/1734 1362/1816/1757 1499/1815/1756
f 1364/1820/1761 1500/1811/1752 1357/1814/1755 471/1821/1762
f 456/1797/1738 1328/1790/1731 1500/1811/1752 1364/1820/1761
f 1328/1790/1731 455/1789/1730 1360/1812/1753 1500/1811/1752
f 1362/1816/1757 1501/1807/1748 1349/1810/1751 463/1817/1758
f 448/1793/1734 1320/1786/1727 1501/1807/1748 1362/1816/1757
f 1320/1786/1727 447/1785/1726 1363/1808/1749 1501/1807/1748
f 1360/1812/1753 1502/1803/1744 1356/1806/1747 470/1813/1754
f 455/1789/1730 1327/1782/1723 1502/1803/1744 1360/1812/1753
f 1327/1782/1723 454/1781/1722 1361/1804/1745 1502/1803/1744
f 1334/1748/1691 1503/1799/1740 1322/1802/1743 450/1749/1692
f 435/1721/1666 1293/1714/1659 1503/1799/1740 1334/1748/1691
f 1293/1714/1659 434/1713/1658 1345/1800/1741 1503/1799/1740
f 1332/1744/1687 1504/1795/1736 1329/1798/1739 457/1745/1688
f 442/1717/1662 1300/1710/1655 1504/1795/1736 1332/1744/1687
f 1300/1710/1655 441/1709/1654 1344/1796/1737 1504/1795/1736
f 1345/1800/1741 1505/1791/1732 1321/1794/1735 449/1801/1742
f 434/1713/1658 1292/1706/1651 1505/1791/1732 1345/1800/1741
f 1292/1706/1651 433/1705/1650 1343/1792/1733 1505/1791/1732
f 1344/1796/1737 1506/1787/1728 1328/1790/1731 456/1797/1738
f 441/1709/1654 1299/1702/1647 1506/1787/1728 1344/1796/1737
f 1299/1702/1647 440/1701/1646 1342/1788/1729 1506/1787/1728
f 1343/1792/1733 1507/1783/1724 1320/1786/1727 448/1793/1734
f 433/1705/1650 1291/1698/1643 1507/1783/1724 1343/1792/1733
f 1291/1698/1643 432/1697/1642 1341/1784/1725 1507/1783/1724
f 1342/1788/1729 1508/1779/1720 1327/1782/1723 455/1789/1730
f 440/1701/1646 1298/1694/1639 1508/1779/1720 1342/1788/1729
f 1298/1694/1639 439/1693/1638 1340/1780/1721 1508/1779/1720
f 1341/1784/1725 1509/1775/1716 1319/1778/1719 447/1785/1726
f 432/1697/1642 1290/1690/1635 1509/1775/1716 1341/1784/1725
f 1290/1690/1635 431/1689/1634 1339/1776/1717 1509/1775/1716
f 1340/1780/1721 1510/1771/1712 1326/1774/1715 454/1781/1722
f 439/1693/1638 1297/1686/1631 1510/1771/1712 1340/1780/1721
f 1297/1686/1631 438/1685/1630 1338/1772/1713 1510/1771/1712
f 1339/1776/1717 1511/1767/1708 1318/1770/1711 446/1777/1718
f 431/1689/1634 1289/1742/1685 1511/1767/1708 1339/1776/1717
f 1289/1742/1685 430/1741/1684 1337/1768/1709 1511/1767/1708
f 1338/1772/1713 1512/1763/1704 1325/1766/1707 453/1773/1714
f 438/1685/1630 1296/1738/1681 1512/1763/1704 1338/1772/1713
f 1296/1738/1681 437/1737/1680 1336/1764/1705 1512/1763/1704
f 1337/1768/1709 1513/1760/1701 1317/1762/1703 445/1769/1710
f 430/1741/1684 1288/1734/1677 1513/1760/1701 1337/1768/1709
f 1288/1734/1677 429/1733/1676 1335/1752/1695 1513/1760/1701
f 1336/1764/1705 1514/1756/1697 1324/1759/1700 452/1765/1706
f 437/1737/1680 1295/1731/1674 1514/1756/1697 1336/1764/1705
f 1295/1731/1674 436/1730/1673 1333/1757/1698 1514/1756/1697
f 1466/1755/1696 1331/1931/1864 458/1928/1863
f 1466/1755/1696 1464/1754/1670 1331/1931/1864
f 1464/1754/1670 443/1932/1865 1331/1931/1864
f 1335/1752/1695 1465/1933/1776 444/1761/1702
f 1335/1752/1695 1463/1751/1694 1465/1933/1776
f 1463/1751/1694 1/1934/1861 1465/1933/1776
f 1333/1757/1698 1515/1747/1690 1323/1750/1693 451/1758/1699
f 436/1730/1673 1294/1722/1667 1515/1747/1690 1333/1757/1698
f 1294/1722/1667 435/1721/1666 1334/1748/1691 1515/1747/1690
f 1331/1931/1864 1516/1743/1686 1330/1746/1689 458/1928/1863
f 443/1932/1865 1301/1718/1663 1516/1743/1686 1331/1931/1864
f 1301/1718/1663 442/1717/1662 1332/1744/1687 1516/1743/1686
f 1305/1688/1633 1517/1739/1682 1289/1742/1685 431/1689/1634
f 416/1661/1606 1260/1654/1599 1517/1739/1682 1305/1688/1633
f 1260/1654/1599 415/1653/1598 1316/1740/1683 1517/1739/1682
f 1303/1684/1629 1518/1735/1678 1296/1738/1681 438/1685/1630
f 423/1657/1602 1267/1650/1595 1518/1735/1678 1303/1684/1629
f 1267/1650/1595 422/1649/1594 1315/1736/1679 1518/1735/1678
f 1316/1740/1683 1519/1732/1675 1288/1734/1677 430/1741/1684
f 415/1653/1598 1259/1646/1591 1519/1732/1675 1316/1740/1683
f 1259/1646/1591 414/1645/1590 1314/1724/1669 1519/1732/1675
f 1315/1736/1679 1520/1728/1671 1295/1731/1674 437/1737/1680
f 422/1649/1594 1266/1643/1588 1520/1728/1671 1315/1736/1679
f 1266/1643/1588 421/1642/1587 1313/1729/1672 1520/1728/1671
f 1464/1727/1670 1312/1935/1866 443/1932/1865
f 1464/1727/1670 1462/1726/1584 1312/1935/1866
f 1462/1726/1584 428/1936/1867 1312/1935/1866
f 1314/1724/1669 1463/1937/1694 429/1733/1676
f 1314/1724/1669 1461/1723/1668 1463/1937/1694
f 1461/1723/1668 1/1938/1861 1463/1937/1694
f 1313/1729/1672 1521/1719/1664 1294/1722/1667 436/1730/1673
f 421/1642/1587 1265/1634/1581 1521/1719/1664 1313/1729/1672
f 1265/1634/1581 420/1633/1580 1311/1720/1665 1521/1719/1664
f 1312/1935/1866 1522/1715/1660 1301/1718/1663 443/1932/1865
f 428/1936/1867 1272/1630/1577 1522/1715/1660 1312/1935/1866
f 1272/1630/1577 427/1629/1576 1310/1716/1661 1522/1715/1660
f 1311/1720/1665 1523/1711/1656 1293/1714/1659 435/1721/1666
f 420/1633/1580 1264/1626/1573 1523/1711/1656 1311/1720/1665
f 1264/1626/1573 419/1625/1572 1309/1712/1657 1523/1711/1656
f 1310/1716/1661 1524/1707/1652 1300/1710/1655 442/1717/1662
f 427/1629/1576 1271/1682/1627 1524/1707/1652 1310/1716/1661
f 1271/1682/1627 426/1681/1626 1308/1708/1653 1524/1707/1652
f 1309/1712/1657 1525/1703/1648 1292/1706/1651 434/1713/1658
f 419/1625/1572 1263/1678/1623 1525/1703/1648 1309/1712/1657
f 1263/1678/1623 418/1677/1622 1307/1704/1649 1525/1703/1648
f 1308/1708/1653 1526/1699/1644 1299/1702/1647 441/1709/1654
f 426/1681/1626 1270/1674/1619 1526/1699/1644 1308/1708/1653
f 1270/1674/1619 425/1673/1618 1306/1700/1645 1526/1699/1644
f 1307/1704/1649 1527/1695/1640 1291/1698/1643 433/1705/1650
f 418/1677/1622 1262/1670/1615 1527/1695/1640 1307/1704/1649
f 1262/1670/1615 417/1669/1614 1304/1696/1641 1527/1695/1640
f 1306/1700/1645 1528/1691/1636 1298/1694/1639 440/1701/1646
f 425/1673/1618 1269/1666/1611 1528/1691/1636 1306/1700/1645
f 1269/1666/1611 424/1665/1610 1302/1692/1637 1528/1691/1636
f 1304/1696/1641 1529/1687/1632 1290/1690/1635 432/1697/1642
f 417/1669/1614 1261/1662/1607 1529/1687/1632 1304/1696/1641
f 1261/1662/1607 416/1661/1606 1305/1688/1633 1529/1687/1632
f 1302/1692/1637 1530/1683/1628 1297/1686/1631 439/1693/1638
f 424/1665/1610 1268/1658/1603 1530/1683/1628 1302/1692/1637
f 1268/1658/1603 423/1657/1602 1303/1684/1629 1530/1683/1628
f 1276/1628/1575 1531/1679/1624 1271/1682/1627 427/1629/1576
f 412/1601/1550 1242/1594/1543 1531/1679/1624 1276/1628/1575
f 1242/1594/1543 411/1593/1542 1287/1680/1625 1531/1679/1624
f 1274/1624/1571 1532/1675/1620 1263/1678/1623 419/1625/1572
f 404/1597/1546 1234/1590/1539 1532/1675/1620 1274/1624/1571
f 1234/1590/1539 403/1589/1538 1286/1676/1621 1532/1675/1620
f 1287/1680/1625 1533/1671/1616 1270/1674/1619 426/1681/1626
f 411/1593/1542 1241/1586/1535 1533/1671/1616 1287/1680/1625
f 1241/1586/1535 410/1585/1534 1285/1672/1617 1533/1671/1616
f 1286/1676/1621 1534/1667/1612 1262/1670/1615 418/1677/1622
f 403/1589/1538 1233/1582/1531 1534/1667/1612 1286/1676/1621
f 1233/1582/1531 402/1581/1530 1284/1668/1613 1534/1667/1612
f 1285/1672/1617 1535/1663/1608 1269/1666/1611 425/1673/1618
f 410/1585/1534 1240/1578/1527 1535/1663/1608 1285/1672/1617
f 1240/1578/1527 409/1577/1526 1283/1664/1609 1535/1663/1608
f 1284/1668/1613 1536/1659/1604 1261/1662/1607 417/1669/1614
f 402/1581/1530 1232/1574/1523 1536/1659/1604 1284/1668/1613
f 1232/1574/1523 401/1573/1522 1282/1660/1605 1536/1659/1604
f 1283/1664/1609 1537/1655/1600 1268/1658/1603 424/1665/1610
f 409/1577/1526 1239/1570/1519 1537/1655/1600 1283/1664/1609
f 1239/1570/1519 408/1569/1518 1281/1656/1601 1537/1655/1600
f 1282/1660/1605 1538/1651/1596 1260/1654/1599 416/1661/1606
f 401/1573/1522 1231/1566/1515 1538/1651/1596 1282/1660/1605
f 1231/1566/1515 400/1565/1514 1280/1652/1597 1538/1651/1596
f 1281/1656/1601 1539/1647/1592 1267/1650/1595 423/1657/1602
f 408/1569/1518 1238/1622/1569 1539/1647/1592 1281/1656/1601
f 1238/1622/1569 407/1621/1568 1279/1648/1593 1539/1647/1592
f 1280/1652/1597 1540/1644/1589 1259/1646/1591 415/1653/1598
f 400/1565/1514 1230/1618/1565 1540/1644/1589 1280/1652/1597
f 1230/1618/1565 399/1617/1564 1278/1636/1583 1540/1644/1589
f 1279/1648/1593 1541/1640/1585 1266/1643/1588 422/1649/1594
f 407/1621/1568 1237/1615/1562 1541/1640/1585 1279/1648/1593
f 1237/1615/1562 406/1614/1561 1277/1641/1586 1541/1640/1585
f 1462/1639/1584 1275/1939/1868 428/1936/1867
f 1462/1639/1584 1460/1638/1558 1275/1939/1868
f 1460/1638/1558 413/1940/1869 1275/1939/1868
f 1278/1636/1583 1461/1941/1668 414/1645/1590
f 1278/1636/1583 1459/1635/1582 1461/1941/1668
f 1459/1635/1582 1/1942/1861 1461/1941/1668
f 1277/1641/1586 1542/1631/1578 1265/1634/1581 421/1642/1587
f 406/1614/1561 1236/1606/1555 1542/1631/1578 1277/1641/1586
f 1236/1606/1555 405/1605/1554 1273/1632/1579 1542/1631/1578
f 1275/1939/1868 1543/1627/1574 1272/1630/1577 428/1936/1867
f 413/1940/1869 1243/1602/1551 1543/1627/1574 1275/1939/1868
f 1243/1602/1551 412/1601/1550 1276/1628/1575 1543/1627/1574
f 1273/1632/1579 1544/1623/1570 1264/1626/1573 420/1633/1580
f 405/1605/1554 1235/1598/1547 1544/1623/1570 1273/1632/1579
f 1235/1598/1547 404/1597/1546 1274/1624/1571 1544/1623/1570
f 1247/1568/1517 1545/1619/1566 1238/1622/1569 408/1569/1518
f 393/1541/1490 1209/1534/1483 1545/1619/1566 1247/1568/1517
f 1209/1534/1483 392/1533/1482 1258/1620/1567 1545/1619/1566
f 1245/1564/1513 1546/1616/1563 1230/1618/1565 400/1565/1514
f 385/1537/1486 1201/1530/1479 1546/1616/1563 1245/1564/1513
f 1201/1530/1479 384/1529/1478 1257/1608/1557 1546/1616/1563
f 1258/1620/1567 1547/1612/1559 1237/1615/1562 407/1621/1568
f 392/1533/1482 1208/1527/1476 1547/1612/1559 1258/1620/1567
f 1208/1527/1476 391/1526/1475 1256/1613/1560 1547/1612/1559
f 1460/1611/1558 1255/1943/1870 413/1940/1869
f 1460/1611/1558 1458/1610/1472 1255/1943/1870
f 1458/1610/1472 398/1944/1871 1255/1943/1870
f 1257/1608/1557 1459/1945/1582 399/1617/1564
f 1257/1608/1557 1457/1607/1556 1459/1945/1582
f 1457/1607/1556 1/1946/1861 1459/1945/1582
f 1256/1613/1560 1548/1603/1552 1236/1606/1555 406/1614/1561
f 391/1526/1475 1207/1518/1469 1548/1603/1552 1256/1613/1560
f 1207/1518/1469 390/1517/1468 1254/1604/1553 1548/1603/1552
f 1255/1943/1870 1549/1599/1548 1243/1602/1551 413/1940/1869
f 398/1944/1871 1214/1514/1465 1549/1599/1548 1255/1943/1870
f 1214/1514/1465 397/1513/1464 1253/1600/1549 1549/1599/1548
f 1254/1604/1553 1550/1595/1544 1235/1598/1547 405/1605/1554
f 390/1517/1468 1206/1510/1461 1550/1595/1544 1254/1604/1553
f 1206/1510/1461 389/1509/1460 1252/1596/1545 1550/1595/1544
f 1253/1600/1549 1551/1591/1540 1242/1594/1543 412/1601/1550
f 397/1513/1464 1213/1506/1457 1551/1591/1540 1253/1600/1549
f 1213/1506/1457 396/1505/1456 1251/1592/1541 1551/1591/1540
f 1252/1596/1545 1552/1587/1536 1234/1590/1539 404/1597/1546
f 389/1509/1460 1205/1562/1511 1552/1587/1536 1252/1596/1545
f 1205/1562/1511 388/1561/1510 1250/1588/1537 1552/1587/1536
f 1251/1592/1541 1553/1583/1532 1241/1586/1535 411/1593/1542
f 396/1505/1456 1212/1558/1507 1553/1583/1532 1251/1592/1541
f 1212/1558/1507 395/1557/1506 1249/1584/1533 1553/1583/1532
f 1250/1588/1537 1554/1579/1528 1233/1582/1531 403/1589/1538
f 388/1561/1510 1204/1554/1503 1554/1579/1528 1250/1588/1537
f 1204/1554/1503 387/1553/1502 1248/1580/1529 1554/1579/1528
f 1249/1584/1533 1555/1575/1524 1240/1578/1527 410/1585/1534
f 395/1557/1506 1211/1550/1499 1555/1575/1524 1249/1584/1533
f 1211/1550/1499 394/1549/1498 1246/1576/1525 1555/1575/1524
f 1248/1580/1529 1556/1571/1520 1232/1574/1523 402/1581/1530
f 387/1553/1502 1203/1546/1495 1556/1571/1520 1248/1580/1529
f 1203/1546/1495 386/1545/1494 1244/1572/1521 1556/1571/1520
f 1246/1576/1525 1557/1567/1516 1239/1570/1519 409/1577/1526
f 394/1549/1498 1210/1542/1491 1557/1567/1516 1246/1576/1525
f 1210/1542/1491 393/1541/1490 1247/1568/1517 1557/1567/1516
f 1244/1572/1521 1558/1563/1512 1231/1566/1515 401/1573/1522
f 386/1545/1494 1202/1538/1487 1558/1563/1512 1244/1572/1521
f 1202/1538/1487 385/1537/1486 1245/1564/1513 1558/1563/1512
f 1218/1508/1459 1559/1559/1508 1205/1562/1511 389/1509/1460
f 374/1480/1434 1176/1473/1427 1559/1559/1508 1218/1508/1459
f 1176/1473/1427 373/1472/1426 1229/1560/1509 1559/1559/1508
f 1216/1504/1455 1560/1555/1504 1212/1558/1507 396/1505/1456
f 381/1476/1430 1183/1469/1423 1560/1555/1504 1216/1504/1455
f 1183/1469/1423 380/1468/1422 1228/1556/1505 1560/1555/1504
f 1229/1560/1509 1561/1551/1500 1204/1554/1503 388/1561/1510
f 373/1472/1426 1175/1465/1419 1561/1551/1500 1229/1560/1509
f 1175/1465/1419 372/1464/1418 1227/1552/1501 1561/1551/1500
f 1228/1556/1505 1562/1547/1496 1211/1550/1499 395/1557/1506
f 380/1468/1422 1182/1461/1415 1562/1547/1496 1228/1556/1505
f 1182/1461/1415 379/1460/1414 1226/1548/1497 1562/1547/1496
f 1227/1552/1501 1563/1543/1492 1203/1546/1495 387/1553/1502
f 372/1464/1418 1174/1457/1411 1563/1543/1492 1227/1552/1501
f 1174/1457/1411 371/1456/1410 1225/1544/1493 1563/1543/1492
f 1226/1548/1497 1564/1539/1488 1210/1542/1491 394/1549/1498
f 379/1460/1414 1181/1453/1407 1564/1539/1488 1226/1548/1497
f 1181/1453/1407 378/1452/1406 1224/1540/1489 1564/1539/1488
f 1225/1544/1493 1565/1535/1484 1202/1538/1487 386/1545/1494
f 371/1456/1410 1173/1449/1403 1565/1535/1484 1225/1544/1493
f 1173/1449/1403 370/1448/1402 1223/1536/1485 1565/1535/1484
f 1224/1540/1489 1566/1531/1480 1209/1534/1483 393/1541/1490
f 378/1452/1406 1180/1445/1399 1566/1531/1480 1224/1540/1489
f 1180/1445/1399 377/1444/1398 1222/1532/1481 1566/1531/1480
f 1223/1536/1485 1567/1528/1477 1201/1530/1479 385/1537/1486
f 370/1448/1402 1172/1502/1453 1567/1528/1477 1223/1536/1485
f 1172/1502/1453 369/1501/1452 1221/1520/1471 1567/1528/1477
f 1222/1532/1481 1568/1524/1473 1208/1527/1476 392/1533/1482
f 377/1444/1398 1179/1499/1450 1568/1524/1473 1222/1532/1481
f 1179/1499/1450 376/1498/1449 1220/1525/1474 1568/1524/1473
f 1458/1523/1472 1219/1947/1872 398/1944/1871
f 1458/1523/1472 1456/1522/1446 1219/1947/1872
f 1456/1522/1446 383/1948/1873 1219/1947/1872
f 1221/1520/1471 1457/1949/1556 384/1529/1478
f 1221/1520/1471 1455/1519/1470 1457/1949/1556
f 1455/1519/1470 1/1950/1861 1457/1949/1556
f 1220/1525/1474 1569/1515/1466 1207/1518/1469 391/1526/1475
f 376/1498/1449 1178/1489/1443 1569/1515/1466 1220/1525/1474
f 1178/1489/1443 375/1488/1442 1217/1516/1467 1569/1515/1466
f 1219/1947/1872 1570/1511/1462 1214/1514/1465 398/1944/1871
f 383/1948/1873 1185/1485/1439 1570/1511/1462 1219/1947/1872
f 1185/1485/1439 382/1484/1438 1215/1512/1463 1570/1511/1462
f 1217/1516/1467 1571/1507/1458 1206/1510/1461 390/1517/1468
f 375/1488/1442 1177/1481/1435 1571/1507/1458 1217/1516/1467
f 1177/1481/1435 374/1480/1434 1218/1508/1459 1571/1507/1458
f 1215/1512/1463 1572/1503/1454 1213/1506/1457 397/1513/1464
f 382/1484/1438 1184/1477/1431 1572/1503/1454 1215/1512/1463
f 1184/1477/1431 381/1476/1430 1216/1504/1455 1572/1503/1454
f 1189/1447/1401 1573/1500/1451 1172/1502/1453 370/1448/1402
f 355/1951/1374 1143/1952/1367 1573/1500/1451 1189/1447/1401
f 1143/1952/1367 354/1490/1366 1200/1492/1445 1573/1500/1451
f 1187/1443/1397 1574/1496/1447 1179/1499/1450 377/1444/1398
f 362/1953/1370 1150/1954/1364 1574/1496/1447 1187/1443/1397
f 1150/1954/1364 361/1955/1363 1199/1497/1448 1574/1496/1447
f 1456/1495/1446 1198/1956/1874 383/1948/1873
f 1456/1495/1446 1454/1494/1360 1198/1956/1874
f 1454/1494/1360 368/1957/1875 1198/1956/1874
f 1200/1492/1445 1455/1958/1470 369/1501/1452
f 1200/1492/1445 1453/1491/1444 1455/1958/1470
f 1453/1491/1444 1/1959/1861 1455/1958/1470
f 1199/1497/1448 1575/1486/1440 1178/1489/1443 376/1498/1449
f 361/1955/1363 1149/1960/1357 1575/1486/1440 1199/1497/1448
f 1149/1960/1357 360/1961/1356 1197/1487/1441 1575/1486/1440
f 1198/1956/1874 1576/1482/1436 1185/1485/1439 383/1948/1873
f 368/1957/1875 1156/1962/1353 1576/1482/1436 1198/1956/1874
f 1156/1962/1353 367/1963/1352 1196/1483/1437 1576/1482/1436
f 1197/1487/1441 1577/1478/1432 1177/1481/1435 375/1488/1442
f 360/1961/1356 1148/1964/1349 1577/1478/1432 1197/1487/1441
f 1148/1964/1349 359/1965/1348 1195/1479/1433 1577/1478/1432
f 1196/1483/1437 1578/1474/1428 1184/1477/1431 382/1484/1438
f 367/1963/1352 1155/1966/1345 1578/1474/1428 1196/1483/1437
f 1155/1966/1345 366/1967/1344 1194/1475/1429 1578/1474/1428
f 1195/1479/1433 1579/1470/1424 1176/1473/1427 374/1480/1434
f 359/1965/1348 1147/1968/1341 1579/1470/1424 1195/1479/1433
f 1147/1968/1341 358/1969/1340 1193/1471/1425 1579/1470/1424
f 1194/1475/1429 1580/1466/1420 1183/1469/1423 381/1476/1430
f 366/1967/1344 1154/1970/1395 1580/1466/1420 1194/1475/1429
f 1154/1970/1395 365/1971/1394 1192/1467/1421 1580/1466/1420
f 1193/1471/1425 1581/1462/1416 1175/1465/1419 373/1472/1426
f 358/1969/1340 1146/1972/1391 1581/1462/1416 1193/1471/1425
f 1146/1972/1391 357/1973/1390 1191/1463/1417 1581/1462/1416
f 1192/1467/1421 1582/1458/1412 1182/1461/1415 380/1468/1422
f 365/1971/1394 1153/1974/1387 1582/1458/1412 1192/1467/1421
f 1153/1974/1387 364/1975/1386 1190/1459/1413 1582/1458/1412
f 1191/1463/1417 1583/1454/1408 1174/1457/1411 372/1464/1418
f 357/1973/1390 1145/1976/1383 1583/1454/1408 1191/1463/1417
f 1145/1976/1383 356/1977/1382 1188/1455/1409 1583/1454/1408
f 1190/1459/1413 1584/1450/1404 1181/1453/1407 379/1460/1414
f 364/1975/1386 1152/1978/1379 1584/1450/1404 1190/1459/1413
f 1152/1978/1379 363/1979/1378 1186/1451/1405 1584/1450/1404
f 1188/1455/1409 1585/1446/1400 1173/1449/1403 371/1456/1410
f 356/1977/1382 1144/1980/1375 1585/1446/1400 1188/1455/1409
f 1144/1980/1375 355/1951/1374 1189/1447/1401 1585/1446/1400
f 1186/1451/1405 1586/1442/1396 1180/1445/1399 378/1452/1406
f 363/1979/1378 1151/1981/1371 1586/1442/1396 1186/1451/1405
f 1151/1981/1371 362/1953/1370 1187/1443/1397 1586/1442/1396
f 1160/1387/1343 1587/1438/1392 1154/1441/1395 366/1388/1344
f 351/1360/1318 1125/1353/1311 1587/1438/1392 1160/1387/1343
f 1125/1353/1311 350/1352/1310 1171/1439/1393 1587/1438/1392
f 1158/1383/1339 1588/1434/1388 1146/1437/1391 358/1384/1340
f 343/1356/1314 1117/1349/1307 1588/1434/1388 1158/1383/1339
f 1117/1349/1307 342/1348/1306 1170/1435/1389 1588/1434/1388
f 1171/1439/1393 1589/1430/1384 1153/1433/1387 365/1440/1394
f 350/1352/1310 1124/1345/1303 1589/1430/1384 1171/1439/1393
f 1124/1345/1303 349/1344/1302 1169/1431/1385 1589/1430/1384
f 1170/1435/1389 1590/1426/1380 1145/1429/1383 357/1436/1390
f 342/1348/1306 1116/1341/1299 1590/1426/1380 1170/1435/1389
f 1116/1341/1299 341/1340/1298 1168/1427/1381 1590/1426/1380
f 1169/1431/1385 1591/1422/1376 1152/1425/1379 364/1432/1386
f 349/1344/1302 1123/1337/1295 1591/1422/1376 1169/1431/1385
f 1123/1337/1295 348/1336/1294 1167/1423/1377 1591/1422/1376
f 1168/1427/1381 1592/1418/1372 1144/1421/1375 356/1428/1382
f 341/1340/1298 1115/1333/1291 1592/1418/1372 1168/1427/1381
f 1115/1333/1291 340/1332/1290 1166/1419/1373 1592/1418/1372
f 1167/1423/1377 1593/1414/1368 1151/1417/1371 363/1424/1378
f 348/1336/1294 1122/1329/1287 1593/1414/1368 1167/1423/1377
f 1122/1329/1287 347/1328/1286 1165/1415/1369 1593/1414/1368
f 1166/1419/1373 1594/1411/1365 1143/1413/1367 355/1420/1374
f 340/1332/1290 1114/1325/1283 1594/1411/1365 1166/1419/1373
f 1114/1325/1283 339/1324/1282 1164/1403/1359 1594/1411/1365
f 1165/1415/1369 1595/1407/1361 1150/1410/1364 362/1416/1370
f 347/1328/1286 1121/1381/1337 1595/1407/1361 1165/1415/1369
f 1121/1381/1337 346/1380/1336 1163/1408/1362 1595/1407/1361
f 1454/1406/1360 1162/1982/1876 368/1983/1875
f 1454/1406/1360 1452/1405/1333 1162/1982/1876
f 1452/1405/1333 353/1984/1877 1162/1982/1876
f 1164/1403/1359 1453/1985/1444 354/1412/1366
f 1164/1403/1359 1451/1402/1358 1453/1985/1444
f 1451/1402/1358 1/1986/1861 1453/1985/1444
f 1163/1408/1362 1596/1398/1354 1149/1401/1357 361/1409/1363
f 346/1380/1336 1120/1373/1331 1596/1398/1354 1163/1408/1362
f 1120/1373/1331 345/1372/1330 1161/1399/1355 1596/1398/1354
f 1162/1982/1876 1597/1394/1350 1156/1397/1353 368/1983/1875
f 353/1984/1877 1127/1369/1327 1597/1394/1350 1162/1982/1876
f 1127/1369/1327 352/1368/1326 1159/1395/1351 1597/1394/1350
f 1161/1399/1355 1598/1390/1346 1148/1393/1349 360/1400/1356
f 345/1372/1330 1119/1365/1323 1598/1390/1346 1161/1399/1355
f 1119/1365/1323 344/1364/1322 1157/1391/1347 1598/1390/1346
f 1159/1395/1351 1599/1386/1342 1155/1389/1345 367/1396/1352
f 352/1368/1326 1126/1361/1319 1599/1386/1342 1159/1395/1351
f 1126/1361/1319 351/1360/1318 1160/1387/1343 1599/1386/1342
f 1157/1391/1347 1600/1382/1338 1147/1385/1341 359/1392/1348
f 344/1364/1322 1118/1357/1315 1600/1382/1338 1157/1391/1347
f 1118/1357/1315 343/1356/1314 1158/1383/1339 1600/1382/1338
f 1131/1327/1285 1601/1378/1334 1121/1381/1337 347/1328/1286
f 332/1300/1258 1092/1294/1252 1601/1378/1334 1131/1327/1285
f 1092/1294/1252 331/1293/1251 1142/1379/1335 1601/1378/1334
f 1452/1377/1333 1141/1987/1878 353/1984/1877
f 1452/1377/1333 1450/1376/1248 1141/1987/1878
f 1450/1376/1248 338/1988/1879 1141/1987/1878
f 1129/1323/1281 1451/1989/1358 339/1324/1282
f 1129/1323/1281 1449/1374/1332 1451/1989/1358
f 1449/1374/1332 1/1990/1861 1451/1989/1358
f 1142/1379/1335 1602/1370/1328 1120/1373/1331 346/1380/1336
f 331/1293/1251 1091/1285/1245 1602/1370/1328 1142/1379/1335
f 1091/1285/1245 330/1284/1244 1140/1371/1329 1602/1370/1328
f 1141/1987/1878 1603/1366/1324 1127/1369/1327 353/1984/1877
f 338/1988/1879 1098/1281/1241 1603/1366/1324 1141/1987/1878
f 1098/1281/1241 337/1280/1240 1139/1367/1325 1603/1366/1324
f 1140/1371/1329 1604/1362/1320 1119/1365/1323 345/1372/1330
f 330/1284/1244 1090/1277/1237 1604/1362/1320 1140/1371/1329
f 1090/1277/1237 329/1276/1236 1138/1363/1321 1604/1362/1320
f 1139/1367/1325 1605/1358/1316 1126/1361/1319 352/1368/1326
f 337/1280/1240 1097/1273/1233 1605/1358/1316 1139/1367/1325
f 1097/1273/1233 336/1272/1232 1137/1359/1317 1605/1358/1316
f 1138/1363/1321 1606/1354/1312 1118/1357/1315 344/1364/1322
f 329/1276/1236 1089/1269/1229 1606/1354/1312 1138/1363/1321
f 1089/1269/1229 328/1268/1228 1136/1355/1313 1606/1354/1312
f 1137/1359/1317 1607/1350/1308 1125/1353/1311 351/1360/1318
f 336/1272/1232 1096/1265/1225 1607/1350/1308 1137/1359/1317
f 1096/1265/1225 335/1264/1224 1135/1351/1309 1607/1350/1308
f 1136/1355/1313 1608/1346/1304 1117/1349/1307 343/1356/1314
f 328/1268/1228 1088/1321/1279 1608/1346/1304 1136/1355/1313
f 1088/1321/1279 327/1320/1278 1134/1347/1305 1608/1346/1304
f 1135/1351/1309 1609/1342/1300 1124/1345/1303 350/1352/1310
f 335/1264/1224 1095/1317/1275 1609/1342/1300 1135/1351/1309
f 1095/1317/1275 334/1316/1274 1133/1343/1301 1609/1342/1300
f 1134/1347/1305 1610/1338/1296 1116/1341/1299 342/1348/1306
f 327/1320/1278 1087/1313/1271 1610/1338/1296 1134/1347/1305
f 1087/1313/1271 326/1312/1270 1132/1339/1297 1610/1338/1296
f 1133/1343/1301 1611/1334/1292 1123/1337/1295 349/1344/1302
f 334/1316/1274 1094/1309/1267 1611/1334/1292 1133/1343/1301
f 1094/1309/1267 333/1308/1266 1130/1335/1293 1611/1334/1292
f 1132/1339/1297 1612/1330/1288 1115/1333/1291 341/1340/1298
f 326/1312/1270 1086/1305/1263 1612/1330/1288 1132/1339/1297
f 1086/1305/1263 325/1304/1262 1128/1331/1289 1612/1330/1288
f 1130/1335/1293 1613/1326/1284 1122/1329/1287 348/1336/1294
f 333/1308/1266 1093/1301/1259 1613/1326/1284 1130/1335/1293
f 1093/1301/1259 332/1300/1258 1131/1327/1285 1613/1326/1284
f 1128/1331/1289 1614/1322/1280 1114/1325/1283 340/1332/1290
f 325/1304/1262 1085/1297/1255 1614/1322/1280 1128/1331/1289
f 1085/1297/1255 324/1296/1254 1129/1323/1281 1614/1322/1280
f 1102/1267/1227 1615/1318/1276 1088/1321/1279 328/1268/1228
f 313/1243/1203 1059/1236/1196 1615/1318/1276 1102/1267/1227
f 1059/1236/1196 312/1235/1195 1113/1319/1277 1615/1318/1276
f 1100/1263/1223 1616/1314/1272 1095/1317/1275 335/1264/1224
f 320/1239/1199 1066/1232/1192 1616/1314/1272 1100/1263/1223
f 1066/1232/1192 319/1231/1191 1112/1315/1273 1616/1314/1272
f 1113/1319/1277 1617/1310/1268 1087/1313/1271 327/1320/1278
f 312/1235/1195 1058/1228/1188 1617/1310/1268 1113/1319/1277
f 1058/1228/1188 311/1227/1187 1111/1311/1269 1617/1310/1268
f 1112/1315/1273 1618/1306/1264 1094/1309/1267 334/1316/1274
f 319/1231/1191 1065/1224/1184 1618/1306/1264 1112/1315/1273
f 1065/1224/1184 318/1223/1183 1110/1307/1265 1618/1306/1264
f 1111/1311/1269 1619/1302/1260 1086/1305/1263 326/1312/1270
f 311/1227/1187 1057/1220/1180 1619/1302/1260 1111/1311/1269
f 1057/1220/1180 310/1219/1179 1109/1303/1261 1619/1302/1260
f 1110/1307/1265 1620/1298/1256 1093/1301/1259 333/1308/1266
f 318/1223/1183 1064/1216/1176 1620/1298/1256 1110/1307/1265
f 1064/1216/1176 317/1215/1175 1108/1299/1257 1620/1298/1256
f 1109/1303/1261 1621/1295/1253 1085/1297/1255 325/1304/1262
f 310/1219/1179 1056/1212/1172 1621/1295/1253 1109/1303/1261
f 1056/1212/1172 309/1211/1171 1107/1287/1247 1621/1295/1253
f 1108/1299/1257 1622/1291/1249 1092/1294/1252 332/1300/1258
f 317/1215/1175 1063/1208/1168 1622/1291/1249 1108/1299/1257
f 1063/1208/1168 316/1207/1167 1106/1292/1250 1622/1291/1249
f 1450/1290/1248 1105/1991/1880 338/1988/1879
f 1450/1290/1248 1448/1289/1164 1105/1991/1880
f 1448/1289/1164 323/1992/1881 1105/1991/1880
f 1107/1287/1247 1449/1993/1332 324/1296/1254
f 1107/1287/1247 1447/1286/1246 1449/1993/1332
f 1447/1286/1246 1/1994/1861 1449/1993/1332
f 1106/1292/1250 1623/1282/1242 1091/1285/1245 331/1293/1251
f 316/1207/1167 1062/1260/1220 1623/1282/1242 1106/1292/1250
f 1062/1260/1220 315/1259/1219 1104/1283/1243 1623/1282/1242
f 1105/1991/1880 1624/1278/1238 1098/1281/1241 338/1988/1879
f 323/1992/1881 1069/1256/1216 1624/1278/1238 1105/1991/1880
f 1069/1256/1216 322/1255/1215 1103/1279/1239 1624/1278/1238
f 1104/1283/1243 1625/1274/1234 1090/1277/1237 330/1284/1244
f 315/1259/1219 1061/1252/1212 1625/1274/1234 1104/1283/1243
f 1061/1252/1212 314/1251/1211 1101/1275/1235 1625/1274/1234
f 1103/1279/1239 1626/1270/1230 1097/1273/1233 337/1280/1240
f 322/1255/1215 1068/1248/1208 1626/1270/1230 1103/1279/1239
f 1068/1248/1208 321/1247/1207 1099/1271/1231 1626/1270/1230
f 1101/1275/1235 1627/1266/1226 1089/1269/1229 329/1276/1236
f 314/1251/1211 1060/1244/1204 1627/1266/1226 1101/1275/1235
f 1060/1244/1204 313/1243/1203 1102/1267/1227 1627/1266/1226
f 1099/1271/1231 1628/1262/1222 1096/1265/1225 336/1272/1232
f 321/1247/1207 1067/1240/1200 1628/1262/1222 1099/1271/1231
f 1067/1240/1200 320/1239/1199 1100/1263/1223 1628/1262/1222
f 1074/1210/1170 1447/1995/1246 309/1211/1171
f 1074/1210/1170 1445/1261/1221 1447/1995/1246
f 1445/1261/1221 1/1996/1861 1447/1995/1246
f 1072/1206/1166 1629/1257/1217 1062/1260/1220 316/1207/1167
f 301/1181/1143 1033/1173/1137 1629/1257/1217 1072/1206/1166
f 1033/1173/1137 300/1172/1136 1084/1258/1218 1629/1257/1217
f 1070/1997/1882 1630/1253/1213 1069/1256/1216 323/1992/1881
f 308/1998/1883 1040/1169/1133 1630/1253/1213 1070/1997/1882
f 1040/1169/1133 307/1168/1132 1083/1254/1214 1630/1253/1213
f 1084/1258/1218 1631/1249/1209 1061/1252/1212 315/1259/1219
f 300/1172/1136 1032/1165/1129 1631/1249/1209 1084/1258/1218
f 1032/1165/1129 299/1164/1128 1082/1250/1210 1631/1249/1209
f 1083/1254/1214 1632/1245/1205 1068/1248/1208 322/1255/1215
f 307/1168/1132 1039/1161/1125 1632/1245/1205 1083/1254/1214
f 1039/1161/1125 306/1160/1124 1081/1246/1206 1632/1245/1205
f 1082/1250/1210 1633/1241/1201 1060/1244/1204 314/1251/1211
f 299/1164/1128 1031/1157/1121 1633/1241/1201 1082/1250/1210
f 1031/1157/1121 298/1156/1120 1080/1242/1202 1633/1241/1201
f 1081/1246/1206 1634/1237/1197 1067/1240/1200 321/1247/1207
f 306/1160/1124 1038/1153/1117 1634/1237/1197 1081/1246/1206
f 1038/1153/1117 305/1152/1116 1079/1238/1198 1634/1237/1197
f 1080/1242/1202 1635/1233/1193 1059/1236/1196 313/1243/1203
f 298/1156/1120 1030/1149/1113 1635/1233/1193 1080/1242/1202
f 1030/1149/1113 297/1148/1112 1078/1234/1194 1635/1233/1193
f 1079/1238/1198 1636/1229/1189 1066/1232/1192 320/1239/1199
f 305/1152/1116 1037/1145/1109 1636/1229/1189 1079/1238/1198
f 1037/1145/1109 304/1144/1108 1077/1230/1190 1636/1229/1189
f 1078/1234/1194 1637/1225/1185 1058/1228/1188 312/1235/1195
f 297/1148/1112 1029/1201/1163 1637/1225/1185 1078/1234/1194
f 1029/1201/1163 296/1200/1162 1076/1226/1186 1637/1225/1185
f 1077/1230/1190 1638/1221/1181 1065/1224/1184 319/1231/1191
f 304/1144/1108 1036/1197/1159 1638/1221/1181 1077/1230/1190
f 1036/1197/1159 303/1196/1158 1075/1222/1182 1638/1221/1181
f 1076/1226/1186 1639/1217/1177 1057/1220/1180 311/1227/1187
f 296/1200/1162 1028/1193/1155 1639/1217/1177 1076/1226/1186
f 1028/1193/1155 295/1192/1154 1073/1218/1178 1639/1217/1177
f 1075/1222/1182 1640/1213/1173 1064/1216/1176 318/1223/1183
f 303/1196/1158 1035/1189/1151 1640/1213/1173 1075/1222/1182
f 1035/1189/1151 302/1188/1150 1071/1214/1174 1640/1213/1173
f 1073/1218/1178 1641/1209/1169 1056/1212/1172 310/1219/1179
f 295/1192/1154 1027/1185/1147 1641/1209/1169 1073/1218/1178
f 1027/1185/1147 294/1184/1146 1074/1210/1170 1641/1209/1169
f 1071/1214/1174 1642/1205/1165 1063/1208/1168 317/1215/1175
f 302/1188/1150 1034/1182/1144 1642/1205/1165 1071/1214/1174
f 1034/1182/1144 301/1181/1143 1072/1206/1166 1642/1205/1165
f 1448/1204/1164 1070/1997/1882 323/1992/1881
f 1448/1204/1164 1446/1203/1140 1070/1997/1882
f 1446/1203/1140 308/1998/1883 1070/1997/1882
f 1044/1147/1111 1643/1198/1160 1029/1201/1163 297/1148/1112
f 282/1120/1084 1000/1113/1077 1643/1198/1160 1044/1147/1111
f 1000/1113/1077 281/1112/1076 1055/1199/1161 1643/1198/1160
f 1042/1143/1107 1644/1194/1156 1036/1197/1159 304/1144/1108
f 289/1116/1080 1007/1109/1073 1644/1194/1156 1042/1143/1107
f 1007/1109/1073 288/1108/1072 1054/1195/1157 1644/1194/1156
f 1055/1199/1161 1645/1190/1152 1028/1193/1155 296/1200/1162
f 281/1112/1076 999/1105/1069 1645/1190/1152 1055/1199/1161
f 999/1105/1069 280/1104/1068 1053/1191/1153 1645/1190/1152
f 1054/1195/1157 1646/1186/1148 1035/1189/1151 303/1196/1158
f 288/1108/1072 1006/1101/1065 1646/1186/1148 1054/1195/1157
f 1006/1101/1065 287/1100/1064 1052/1187/1149 1646/1186/1148
f 1053/1191/1153 1647/1183/1145 1027/1185/1147 295/1192/1154
f 280/1104/1068 998/1097/1061 1647/1183/1145 1053/1191/1153
f 998/1097/1061 279/1096/1060 1051/1175/1139 1647/1183/1145
f 1052/1187/1149 1648/1179/1141 1034/1182/1144 302/1188/1150
f 287/1100/1064 1005/1094/1058 1648/1179/1141 1052/1187/1149
f 1005/1094/1058 286/1093/1057 1050/1180/1142 1648/1179/1141
f 1446/1178/1140 1049/1999/1884 308/1998/1883
f 1446/1178/1140 1444/1177/1054 1049/1999/1884
f 1444/1177/1054 293/2000/1885 1049/1999/1884
f 1051/1175/1139 1445/2001/1221 294/1184/1146
f 1051/1175/1139 1443/1174/1138 1445/2001/1221
f 1443/1174/1138 1/2002/1861 1445/2001/1221
f 1050/1180/1142 1649/1170/1134 1033/1173/1137 301/1181/1143
f 286/1093/1057 1004/1085/1051 1649/1170/1134 1050/1180/1142
f 1004/1085/1051 285/1084/1050 1048/1171/1135 1649/1170/1134
f 1049/1999/1884 1650/1166/1130 1040/1169/1133 308/1998/1883
f 293/2000/1885 1011/1141/1105 1650/1166/1130 1049/1999/1884
f 1011/1141/1105 292/1140/1104 1047/1167/1131 1650/1166/1130
f 1048/1171/1135 1651/1162/1126 1032/1165/1129 300/1172/1136
f 285/1084/1050 1003/1137/1101 1651/1162/1126 1048/1171/1135
f 1003/1137/1101 284/1136/1100 1046/1163/1127 1651/1162/1126
f 1047/1167/1131 1652/1158/1122 1039/1161/1125 307/1168/1132
f 292/1140/1104 1010/1133/1097 1652/1158/1122 1047/1167/1131
f 1010/1133/1097 291/1132/1096 1045/1159/1123 1652/1158/1122
f 1046/1163/1127 1653/1154/1118 1031/1157/1121 299/1164/1128
f 284/1136/1100 1002/1129/1093 1653/1154/1118 1046/1163/1127
f 1002/1129/1093 283/1128/1092 1043/1155/1119 1653/1154/1118
f 1045/1159/1123 1654/1150/1114 1038/1153/1117 306/1160/1124
f 291/1132/1096 1009/1125/1089 1654/1150/1114 1045/1159/1123
f 1009/1125/1089 290/1124/1088 1041/1151/1115 1654/1150/1114
f 1043/1155/1119 1655/1146/1110 1030/1149/1113 298/1156/1120
f 283/1128/1092 1001/1121/1085 1655/1146/1110 1043/1155/1119
f 1001/1121/1085 282/1120/1084 1044/1147/1111 1655/1146/1110
f 1041/1151/1115 1656/1142/1106 1037/1145/1109 305/1152/1116
f 290/1124/1088 1008/1117/1081 1656/1142/1106 1041/1151/1115
f 1008/1117/1081 289/1116/1080 1042/1143/1107 1656/1142/1106
f 1015/2003/1886 1657/1138/1102 1011/1141/1105 293/2000/1885
f 278/2004/1887 982/1053/1021 1657/1138/1102 1015/2003/1886
f 982/1053/1021 277/1052/1020 1026/1139/1103 1657/1138/1102
f 1013/1083/1049 1658/1134/1098 1003/1137/1101 285/1084/1050
f 270/1056/1024 974/1049/1017 1658/1134/1098 1013/1083/1049
f 974/1049/1017 269/1048/1016 1025/1135/1099 1658/1134/1098
f 1026/1139/1103 1659/1130/1094 1010/1133/1097 292/1140/1104
f 277/1052/1020 981/1045/1013 1659/1130/1094 1026/1139/1103
f 981/1045/1013 276/1044/1012 1024/1131/1095 1659/1130/1094
f 1025/1135/1099 1660/1126/1090 1002/1129/1093 284/1136/1100
f 269/1048/1016 973/1041/1009 1660/1126/1090 1025/1135/1099
f 973/1041/1009 268/1040/1008 1023/1127/1091 1660/1126/1090
f 1024/1131/1095 1661/1122/1086 1009/1125/1089 291/1132/1096
f 276/1044/1012 980/1037/1005 1661/1122/1086 1024/1131/1095
f 980/1037/1005 275/1036/1004 1022/1123/1087 1661/1122/1086
f 1023/1127/1091 1662/1118/1082 1001/1121/1085 283/1128/1092
f 268/1040/1008 972/1033/1001 1662/1118/1082 1023/1127/1091
f 972/1033/1001 267/1032/1000 1021/1119/1083 1662/1118/1082
f 1022/1123/1087 1663/1114/1078 1008/1117/1081 290/1124/1088
f 275/1036/1004 979/1029/997 1663/1114/1078 1022/1123/1087
f 979/1029/997 274/1028/996 1020/1115/1079 1663/1114/1078
f 1021/1119/1083 1664/1110/1074 1000/1113/1077 282/1120/1084
f 267/1032/1000 971/1025/993 1664/1110/1074 1021/1119/1083
f 971/1025/993 266/1024/992 1019/1111/1075 1664/1110/1074
f 1020/1115/1079 1665/1106/1070 1007/1109/1073 289/1116/1080
f 274/1028/996 978/1081/1047 1665/1106/1070 1020/1115/1079
f 978/1081/1047 273/1080/1046 1018/1107/1071 1665/1106/1070
f 1019/1111/1075 1666/1102/1066 999/1105/1069 281/1112/1076
f 266/1024/992 970/1077/1043 1666/1102/1066 1019/1111/1075
f 970/1077/1043 265/1076/1042 1017/1103/1067 1666/1102/1066
f 1018/1107/1071 1667/1098/1062 1006/1101/1065 288/1108/1072
f 273/1080/1046 977/1073/1039 1667/1098/1062 1018/1107/1071
f 977/1073/1039 272/1072/1038 1016/1099/1063 1667/1098/1062
f 1017/1103/1067 1668/1095/1059 998/1097/1061 280/1104/1068
f 265/1076/1042 969/1069/1035 1668/1095/1059 1017/1103/1067
f 969/1069/1035 264/1068/1034 1014/1087/1053 1668/1095/1059
f 1016/1099/1063 1669/1091/1055 1005/1094/1058 287/1100/1064
f 272/1072/1038 976/1066/1032 1669/1091/1055 1016/1099/1063
f 976/1066/1032 271/1065/1031 1012/1092/1056 1669/1091/1055
f 1444/1090/1054 1015/2003/1886 293/2000/1885
f 1444/1090/1054 1442/1089/1028 1015/2003/1886
f 1442/1089/1028 278/2004/1887 1015/2003/1886
f 1014/1087/1053 1443/2005/1138 279/1096/1060
f 1014/1087/1053 1441/1086/1052 1443/2005/1138
f 1441/1086/1052 1/2006/1861 1443/2005/1138
f 1012/1092/1056 1670/1082/1048 1004/1085/1051 286/1093/1057
f 271/1065/1031 975/1057/1025 1670/1082/1048 1012/1092/1056
f 975/1057/1025 270/1056/1024 1013/1083/1049 1670/1082/1048
f 986/1027/995 1671/1078/1044 978/1081/1047 274/1028/996
f 259/1000/968 949/993/961 1671/1078/1044 986/1027/995
f 949/993/961 258/992/960 997/1079/1045 1671/1078/1044
f 984/1023/991 1672/1074/1040 970/1077/1043 266/1024/992
f 251/996/964 941/989/957 1672/1074/1040 984/1023/991
f 941/989/957 250/988/956 996/1075/1041 1672/1074/1040
f 997/1079/1045 1673/1070/1036 977/1073/1039 273/1080/1046
f 258/992/960 948/985/953 1673/1070/1036 997/1079/1045
f 948/985/953 257/984/952 995/1071/1037 1673/1070/1036
f 996/1075/1041 1674/1067/1033 969/1069/1035 265/1076/1042
f 250/988/956 940/981/949 1674/1067/1033 996/1075/1041
f 940/981/949 249/980/948 994/1059/1027 1674/1067/1033
f 995/1071/1037 1675/1063/1029 976/1066/1032 272/1072/1038
f 257/984/952 947/978/946 1675/1063/1029 995/1071/1037
f 947/978/946 256/977/945 993/1064/1030 1675/1063/1029
f 1442/1062/1028 992/2007/1888 278/2004/1887
f 1442/1062/1028 1440/1061/942 992/2007/1888
f 1440/1061/942 263/2008/1889 992/2007/1888
f 994/1059/1027 1441/2009/1052 264/1068/1034
f 994/1059/1027 1439/1058/1026 1441/2009/1052
f 1439/1058/1026 1/2010/1861 1441/2009/1052
f 993/1064/1030 1676/1054/1022 975/1057/1025 271/1065/1031
f 256/977/945 946/969/939 1676/1054/1022 993/1064/1030
f 946/969/939 255/968/938 991/1055/1023 1676/1054/1022
f 992/2007/1888 1677/1050/1018 982/1053/1021 278/2004/1887
f 263/2008/1889 953/965/935 1677/1050/1018 992/2007/1888
f 953/965/935 262/964/934 990/1051/1019 1677/1050/1018
f 991/1055/1023 1678/1046/1014 974/1049/1017 270/1056/1024
f 255/968/938 945/1021/989 1678/1046/1014 991/1055/1023
f 945/1021/989 254/1020/988 989/1047/1015 1678/1046/1014
f 990/1051/1019 1679/1042/1010 981/1045/1013 277/1052/1020
f 262/964/934 952/1017/985 1679/1042/1010 990/1051/1019
f 952/1017/985 261/1016/984 988/1043/1011 1679/1042/1010
f 989/1047/1015 1680/1038/1006 973/1041/1009 269/1048/1016
f 254/1020/988 944/1013/981 1680/1038/1006 989/1047/1015
f 944/1013/981 253/1012/980 987/1039/1007 1680/1038/1006
f 988/1043/1011 1681/1034/1002 980/1037/1005 276/1044/1012
f 261/1016/984 951/1009/977 1681/1034/1002 988/1043/1011
f 951/1009/977 260/1008/976 985/1035/1003 1681/1034/1002
f 987/1039/1007 1682/1030/998 972/1033/1001 268/1040/1008
f 253/1012/980 943/1005/973 1682/1030/998 987/1039/1007
f 943/1005/973 252/1004/972 983/1031/999 1682/1030/998
f 985/1035/1003 1683/1026/994 979/1029/997 275/1036/1004
f 260/1008/976 950/1001/969 1683/1026/994 985/1035/1003
f 950/1001/969 259/1000/968 986/1027/995 1683/1026/994
f 983/1031/999 1684/1022/990 971/1025/993 267/1032/1000
f 252/1004/972 942/997/965 1684/1022/990 983/1031/999
f 942/997/965 251/996/964 984/1023/991 1684/1022/990
f 957/967/937 1685/1018/986 945/1021/989 255/968/938
f 240/940/912 916/933/905 1685/1018/986 957/967/937
f 916/933/905 239/932/904 968/1019/987 1685/1018/986
f 955/963/933 1686/1014/982 952/1017/985 262/964/934
f 247/936/908 923/929/901 1686/1014/982 955/963/933
f 923/929/901 246/928/900 967/1015/983 1686/1014/982
f 968/1019/987 1687/1010/978 944/1013/981 254/1020/988
f 239/932/904 915/925/897 1687/1010/978 968/1019/987
f 915/925/897 238/924/896 966/1011/979 1687/1010/978
f 967/1015/983 1688/1006/974 951/1009/977 261/1016/984
f 246/928/900 922/921/893 1688/1006/974 967/1015/983
f 922/921/893 245/920/892 965/1007/975 1688/1006/974
f 966/1011/979 1689/1002/970 943/1005/973 253/1012/980
f 238/924/896 914/917/889 1689/1002/970 966/1011/979
f 914/917/889 237/916/888 964/1003/971 1689/1002/970
f 965/1007/975 1690/998/966 950/1001/969 260/1008/976
f 245/920/892 921/913/885 1690/998/966 965/1007/975
f 921/913/885 244/912/884 963/999/967 1690/998/966
f 964/1003/971 1691/994/962 942/997/965 252/1004/972
f 237/916/888 913/909/881 1691/994/962 964/1003/971
f 913/909/881 236/908/880 962/995/963 1691/994/962
f 963/999/967 1692/990/958 949/993/961 259/1000/968
f 244/912/884 920/905/877 1692/990/958 963/999/967
f 920/905/877 243/904/876 961/991/959 1692/990/958
f 962/995/963 1693/986/954 941/989/957 251/996/964
f 236/908/880 912/961/931 1693/986/954 962/995/963
f 912/961/931 235/960/930 960/987/955 1693/986/954
f 961/991/959 1694/982/950 948/985/953 258/992/960
f 243/904/876 919/957/927 1694/982/950 961/991/959
f 919/957/927 242/956/926 959/983/951 1694/982/950
f 960/987/955 1695/979/947 940/981/949 250/988/956
f 235/960/930 911/953/923 1695/979/947 960/987/955
f 911/953/923 234/952/922 958/971/941 1695/979/947
f 959/983/951 1696/975/943 947/978/946 257/984/952
f 242/956/926 918/950/920 1696/975/943 959/983/951
f 918/950/920 241/949/919 956/976/944 1696/975/943
f 1440/974/942 954/2011/1890 263/2008/1889
f 1440/974/942 1438/973/916 954/2011/1890
f 1438/973/916 248/2012/1891 954/2011/1890
f 958/971/941 1439/2013/1026 249/980/948
f 958/971/941 1437/970/940 1439/2013/1026
f 1437/970/940 1/2014/1861 1439/2013/1026
f 956/976/944 1697/966/936 946/969/939 256/977/945
f 241/949/919 917/941/913 1697/966/936 956/976/944
f 917/941/913 240/940/912 957/967/937 1697/966/936
f 954/2011/1890 1698/962/932 953/965/935 263/2008/1889
f 248/2012/1891 924/937/909 1698/962/932 954/2011/1890
f 924/937/909 247/936/908 955/963/933 1698/962/932
f 928/907/879 1699/958/928 912/961/931 236/908/880
f 221/880/852 883/873/845 1699/958/928 928/907/879
f 883/873/845 220/872/844 939/959/929 1699/958/928
f 926/903/875 1700/954/924 919/957/927 243/904/876
f 228/876/848 890/869/841 1700/954/924 926/903/875
f 890/869/841 227/868/840 938/955/925 1700/954/924
f 939/959/929 1701/951/921 911/953/923 235/960/930
f 220/872/844 882/865/837 1701/951/921 939/959/929
f 882/865/837 219/864/836 937/943/915 1701/951/921
f 938/955/925 1702/947/917 918/950/920 242/956/926
f 227/868/840 889/862/834 1702/947/917 938/955/925
f 889/862/834 226/861/833 936/948/918 1702/947/917
f 1438/946/916 935/2015/1892 248/2012/1891
f 1438/946/916 1436/945/830 935/2015/1892
f 1436/945/830 233/2016/1893 935/2015/1892
f 937/943/915 1437/2017/940 234/952/922
f 937/943/915 1435/942/914 1437/2017/940
f 1435/942/914 1/2018/1861 1437/2017/940
f 936/948/918 1703/938/910 917/941/913 241/949/919
f 226/861/833 888/853/827 1703/938/910 936/948/918
f 888/853/827 225/852/826 934/939/911 1703/938/910
f 935/2015/1892 1704/934/906 924/937/909 248/2012/1891
f 233/2016/1893 895/849/823 1704/934/906 935/2015/1892
f 895/849/823 232/848/822 933/935/907 1704/934/906
f 934/939/911 1705/930/902 916/933/905 240/940/912
f 225/852/826 887/845/819 1705/930/902 934/939/911
f 887/845/819 224/844/818 932/931/903 1705/930/902
f 933/935/907 1706/926/898 923/929/901 247/936/908
f 232/848/822 894/901/873 1706/926/898 933/935/907
f 894/901/873 231/900/872 931/927/899 1706/926/898
f 932/931/903 1707/922/894 915/925/897 239/932/904
f 224/844/818 886/897/869 1707/922/894 932/931/903
f 886/897/869 223/896/868 930/923/895 1707/922/894
f 931/927/899 1708/918/890 922/921/893 246/928/900
f 231/900/872 893/893/865 1708/918/890 931/927/899
f 893/893/865 230/892/864 929/919/891 1708/918/890
f 930/923/895 1709/914/886 914/917/889 238/924/896
f 223/896/868 885/889/861 1709/914/886 930/923/895
f 885/889/861 222/888/860 927/915/887 1709/914/886
f 929/919/891 1710/910/882 921/913/885 245/920/892
f 230/892/864 892/885/857 1710/910/882 929/919/891
f 892/885/857 229/884/856 925/911/883 1710/910/882
f 927/915/887 1711/906/878 913/909/881 237/916/888
f 222/888/860 884/881/853 1711/906/878 927/915/887
f 884/881/853 221/880/852 928/907/879 1711/906/878
f 925/911/883 1712/902/874 920/905/877 244/912/884
f 229/884/856 891/877/849 1712/902/874 925/911/883
f 891/877/849 228/876/848 926/903/875 1712/902/874
f 899/847/821 1713/898/870 894/901/873 232/848/822
f 217/820/796 865/813/789 1713/898/870 899/847/821
f 865/813/789 216/812/788 910/899/871 1713/898/870
f 897/843/817 1714/894/866 886/897/869 224/844/818
f 209/816/792 857/809/785 1714/894/866 897/843/817
f 857/809/785 208/808/784 909/895/867 1714/894/866
f 910/899/871 1715/890/862 893/893/865 231/900/872
f 216/812/788 864/805/781 1715/890/862 910/899/871
f 864/805/781 215/804/780 908/891/863 1715/890/862
f 909/895/867 1716/886/858 885/889/861 223/896/868
f 208/808/784 856/801/777 1716/886/858 909/895/867
f 856/801/777 207/800/776 907/887/859 1716/886/858
f 908/891/863 1717/882/854 892/885/857 230/892/864
f 215/804/780 863/797/773 1717/882/854 908/891/863
f 863/797/773 214/796/772 906/883/855 1717/882/854
f 907/887/859 1718/878/850 884/881/853 222/888/860
f 207/800/776 855/793/769 1718/878/850 907/887/859
f 855/793/769 206/792/768 905/879/851 1718/878/850
f 906/883/855 1719/874/846 891/877/849 229/884/856
f 214/796/772 862/789/765 1719/874/846 906/883/855
f 862/789/765 213/788/764 904/875/847 1719/874/846
f 905/879/851 1720/870/842 883/873/845 221/880/852
f 206/792/768 854/785/761 1720/870/842 905/879/851
f 854/785/761 205/784/760 903/871/843 1720/870/842
f 904/875/847 1721/866/838 890/869/841 228/876/848
f 213/788/764 861/841/815 1721/866/838 904/875/847
f 861/841/815 212/840/814 902/867/839 1721/866/838
f 903/871/843 1722/863/835 882/865/837 220/872/844
f 205/784/760 853/837/811 1722/863/835 903/871/843
f 853/837/811 204/836/810 901/855/829 1722/863/835
f 902/867/839 1723/859/831 889/862/834 227/868/840
f 212/840/814 860/834/808 1723/859/831 902/867/839
f 860/834/808 211/833/807 900/860/832 1723/859/831
f 1436/858/830 898/2019/1894 233/2016/1893
f 1436/858/830 1434/857/804 898/2019/1894
f 1434/857/804 218/2020/1895 898/2019/1894
f 901/855/829 1435/2021/914 219/864/836
f 901/855/829 1433/854/828 1435/2021/914
f 1433/854/828 1/2022/1861 1435/2021/914
f 900/860/832 1724/850/824 888/853/827 226/861/833
f 211/833/807 859/825/801 1724/850/824 900/860/832
f 859/825/801 210/824/800 896/851/825 1724/850/824
f 898/2019/1894 1725/846/820 895/849/823 233/2016/1893
f 218/2020/1895 866/821/797 1725/846/820 898/2019/1894
f 866/821/797 217/820/796 899/847/821 1725/846/820
f 896/851/825 1726/842/816 887/845/819 225/852/826
f 210/824/800 858/817/793 1726/842/816 896/851/825
f 858/817/793 209/816/792 897/843/817 1726/842/816
f 870/787/763 1727/838/812 861/841/815 213/788/764
f 198/760/736 832/753/729 1727/838/812 870/787/763
f 832/753/729 197/752/728 881/839/813 1727/838/812
f 868/783/759 1728/835/809 853/837/811 205/784/760
f 190/756/732 824/749/725 1728/835/809 868/783/759
f 824/749/725 189/748/724 880/827/803 1728/835/809
f 881/839/813 1729/831/805 860/834/808 212/840/814
f 197/752/728 831/746/722 1729/831/805 881/839/813
f 831/746/722 196/745/721 879/832/806 1729/831/805
f 1434/830/804 878/2023/1896 218/2020/1895
f 1434/830/804 1432/829/718 878/2023/1896
f 1432/829/718 203/2024/1897 878/2023/1896
f 880/827/803 1433/2025/828 204/836/810
f 880/827/803 1431/826/802 1433/2025/828
f 1431/826/802 1/2026/1861 1433/2025/828
f 879/832/806 1730/822/798 859/825/801 211/833/807
f 196/745/721 830/737/715 1730/822/798 879/832/806
f 830/737/715 195/736/714 877/823/799 1730/822/798
f 878/2023/1896 1731/818/794 866/821/797 218/2020/1895
f 203/2024/1897 837/733/711 1731/818/794 878/2023/1896
f 837/733/711 202/732/710 876/819/795 1731/818/794
f 877/823/799 1732/814/790 858/817/793 210/824/800
f 195/736/714 829/729/707 1732/814/790 877/823/799
f 829/729/707 194/728/706 875/815/791 1732/814/790
f 876/819/795 1733/810/786 865/813/789 217/820/796
f 202/732/710 836/725/703 1733/810/786 876/819/795
f 836/725/703 201/724/702 874/811/787 1733/810/786
f 875/815/791 1734/806/782 857/809/785 209/816/792
f 194/728/706 828/781/757 1734/806/782 875/815/791
f 828/781/757 193/780/756 873/807/783 1734/806/782
f 874/811/787 1735/802/778 864/805/781 216/812/788
f 201/724/702 835/777/753 1735/802/778 874/811/787
f 835/777/753 200/776/752 872/803/779 1735/802/778
f 873/807/783 1736/798/774 856/801/777 208/808/784
f 193/780/756 827/773/749 1736/798/774 873/807/783
f 827/773/749 192/772/748 871/799/775 1736/798/774
f 872/803/779 1737/794/770 863/797/773 215/804/780
f 200/776/752 834/769/745 1737/794/770 872/803/779
f 834/769/745 199/768/744 869/795/771 1737/794/770
f 871/799/775 1738/790/766 855/793/769 207/800/776
f 192/772/748 826/765/741 1738/790/766 871/799/775
f 826/765/741 191/764/740 867/791/767 1738/790/766
f 869/795/771 1739/786/762 862/789/765 214/796/772
f 199/768/744 833/761/737 1739/786/762 869/795/771
f 833/761/737 198/760/736 870/787/763 1739/786/762
f 867/791/767 1740/782/758 854/785/761 206/792/768
f 191/764/740 825/757/733 1740/782/758 867/791/767
f 825/757/733 190/756/732 868/783/759 1740/782/758
f 841/727/705 1741/778/754 828/781/757 194/728/706
f 179/700/680 799/693/673 1741/778/754 841/727/705
f 799/693/673 178/692/672 852/779/755 1741/778/754
f 839/723/701 1742/774/750 835/777/753 201/724/702
f 186/696/676 806/689/669 1742/774/750 839/723/701
f 806/689/669 185/688/668 851/775/751 1742/774/750
f 852/779/755 1743/770/746 827/773/749 193/780/756
f 178/692/672 798/685/665 1743/770/746 852/779/755
f 798/685/665 177/684/664 850/771/747 1743/770/746
f 851/775/751 1744/766/742 834/769/745 200/776/752
f 185/688/668 805/681/661 1744/766/742 851/775/751
f 805/681/661 184/680/660 849/767/743 1744/766/742
f 850/771/747 1745/762/738 826/765/741 192/772/748
f 177/684/664 797/677/657 1745/762/738 850/771/747
f 797/677/657 176/676/656 848/763/739 1745/762/738
f 849/767/743 1746/758/734 833/761/737 199/768/744
f 184/680/660 804/673/653 1746/758/734 849/767/743
f 804/673/653 183/672/652 847/759/735 1746/758/734
f 848/763/739 1747/754/730 825/757/733 191/764/740
f 176/676/656 796/669/649 1747/754/730 848/763/739
f 796/669/649 175/668/648 846/755/731 1747/754/730
f 847/759/735 1748/750/726 832/753/729 198/760/736
f 183/672/652 803/665/645 1748/750/726 847/759/735
f 803/665/645 182/664/644 845/751/727 1748/750/726
f 846/755/731 1749/747/723 824/749/725 190/756/732
f 175/668/648 795/721/699 1749/747/723 846/755/731
f 795/721/699 174/720/698 844/739/717 1749/747/723
f 845/751/727 1750/743/719 831/746/722 197/752/728
f 182/664/644 802/718/696 1750/743/719 845/751/727
f 802/718/696 181/717/695 843/744/720 1750/743/719
f 1432/742/718 842/2027/1898 203/2024/1897
f 1432/742/718 1430/741/692 842/2027/1898
f 1430/741/692 188/2028/1899 842/2027/1898
f 844/739/717 1431/2029/802 189/748/724
f 844/739/717 1429/738/716 1431/2029/802
f 1429/738/716 1/2030/1861 1431/2029/802
f 843/744/720 1751/734/712 830/737/715 196/745/721
f 181/717/695 801/709/689 1751/734/712 843/744/720
f 801/709/689 180/708/688 840/735/713 1751/734/712
f 842/2027/1898 1752/730/708 837/733/711 203/2024/1897
f 188/2028/1899 808/705/685 1752/730/708 842/2027/1898
f 808/705/685 187/704/684 838/731/709 1752/730/708
f 840/735/713 1753/726/704 829/729/707 195/736/714
f 180/708/688 800/701/681 1753/726/704 840/735/713
f 800/701/681 179/700/680 841/727/705 1753/726/704
f 838/731/709 1754/722/700 836/725/703 202/732/710
f 187/704/684 807/697/677 1754/722/700 838/731/709
f 807/697/677 186/696/676 839/723/701 1754/722/700
f 812/667/647 1755/719/697 795/721/699 175/668/648
f 160/644/624 766/637/617 1755/719/697 812/667/647
f 766/637/617 159/636/616 823/711/691 1755/719/697
f 810/663/643 1756/715/693 802/718/696 182/664/644
f 167/640/620 773/634/614 1756/715/693 810/663/643
f 773/634/614 166/633/613 822/716/694 1756/715/693
f 1430/714/692 821/2031/1900 188/2028/1899
f 1430/714/692 1428/713/610 821/2031/1900
f 1428/713/610 173/2032/1901 821/2031/1900
f 823/711/691 1429/2033/716 174/720/698
f 823/711/691 1427/710/690 1429/2033/716
f 1427/710/690 1/2034/1861 1429/2033/716
f 822/716/694 1757/706/686 801/709/689 181/717/695
f 166/633/613 772/625/607 1757/706/686 822/716/694
f 772/625/607 165/624/606 820/707/687 1757/706/686
f 821/2031/1900 1758/702/682 808/705/685 188/2028/1899
f 173/2032/1901 779/621/603 1758/702/682 821/2031/1900
f 779/621/603 172/620/602 819/703/683 1758/702/682
f 820/707/687 1759/698/678 800/701/681 180/708/688
f 165/624/606 771/617/599 1759/698/678 820/707/687
f 771/617/599 164/616/598 818/699/679 1759/698/678
f 819/703/683 1760/694/674 807/697/677 187/704/684
f 172/620/602 778/613/595 1760/694/674 819/703/683
f 778/613/595 171/612/594 817/695/675 1760/694/674
f 818/699/679 1761/690/670 799/693/673 179/700/680
f 164/616/598 770/609/591 1761/690/670 818/699/679
f 770/609/591 163/608/590 816/691/671 1761/690/670
f 817/695/675 1762/686/666 806/689/669 186/696/676
f 171/612/594 777/605/587 1762/686/666 817/695/675
f 777/605/587 170/604/586 815/687/667 1762/686/666
f 816/691/671 1763/682/662 798/685/665 178/692/672
f 163/608/590 769/661/641 1763/682/662 816/691/671
f 769/661/641 162/660/640 814/683/663 1763/682/662
f 815/687/667 1764/678/658 805/681/661 185/688/668
f 170/604/586 776/657/637 1764/678/658 815/687/667
f 776/657/637 169/656/636 813/679/659 1764/678/658
f 814/683/663 1765/674/654 797/677/657 177/684/664
f 162/660/640 768/653/633 1765/674/654 814/683/663
f 768/653/633 161/652/632 811/675/655 1765/674/654
f 813/679/659 1766/670/650 804/673/653 184/680/660
f 169/656/636 775/649/629 1766/670/650 813/679/659
f 775/649/629 168/648/628 809/671/651 1766/670/650
f 811/675/655 1767/666/646 796/669/649 176/676/656
f 161/652/632 767/645/625 1767/666/646 811/675/655
f 767/645/625 160/644/624 812/667/647 1767/666/646
f 809/671/651 1768/662/642 803/665/645 183/672/652
f 168/648/628 774/641/621 1768/662/642 809/671/651
f 774/641/621 167/640/620 810/663/643 1768/662/642
f 783/607/589 1769/658/638 769/661/641 163/608/590
f 148/580/564 740/573/557 1769/658/638 783/607/589
f 740/573/557 147/572/556 794/659/639 1769/658/638
f 781/603/585 1770/654/634 776/657/637 170/604/586
f 155/576/560 747/569/553 1770/654/634 781/603/585
f 747/569/553 154/568/552 793/655/635 1770/654/634
f 794/659/639 1771/650/630 768/653/633 162/660/640
f 147/572/556 739/565/549 1771/650/630 794/659/639
f 739/565/549 146/564/548 792/651/631 1771/650/630
f 793/655/635 1772/646/626 775/649/629 169/656/636
f 154/568/552 746/561/545 1772/646/626 793/655/635
f 746/561/545 153/560/544 791/647/627 1772/646/626
f 792/651/631 1773/642/622 767/645/625 161/652/632
f 146/564/548 738/557/541 1773/642/622 792/651/631
f 738/557/541 145/556/540 790/643/623 1773/642/622
f 791/647/627 1774/638/618 774/641/621 168/648/628
f 153/560/544 745/553/537 1774/638/618 791/647/627
f 745/553/537 152/552/536 789/639/619 1774/638/618
f 790/643/623 1775/635/615 766/637/617 160/644/624
f 145/556/540 737/549/533 1775/635/615 790/643/623
f 737/549/533 144/548/532 788/627/609 1775/635/615
f 789/639/619 1776/631/611 773/634/614 167/640/620
f 152/552/536 744/545/529 1776/631/611 789/639/619
f 744/545/529 151/544/528 787/632/612 1776/631/611
f 1428/630/610 786/2035/1902 173/2032/1901
f 1428/630/610 1426/629/583 786/2035/1902
f 1426/629/583 158/2036/1903 786/2035/1902
f 788/627/609 1427/2037/690 159/636/616
f 788/627/609 1425/626/608 1427/2037/690
f 1425/626/608 1/2038/1861 1427/2037/690
f 787/632/612 1777/622/604 772/625/607 166/633/613
f 151/544/528 743/597/581 1777/622/604 787/632/612
f 743/597/581 150/596/580 785/623/605 1777/622/604
f 786/2035/1902 1778/618/600 779/621/603 173/2032/1901
f 158/2036/1903 750/593/577 1778/618/600 786/2035/1902
f 750/593/577 157/592/576 784/619/601 1778/618/600
f 785/623/605 1779/614/596 771/617/599 165/624/606
f 150/596/580 742/589/573 1779/614/596 785/623/605
f 742/589/573 149/588/572 782/615/597 1779/614/596
f 784/619/601 1780/610/592 778/613/595 172/620/602
f 157/592/576 749/585/569 1780/610/592 784/619/601
f 749/585/569 156/584/568 780/611/593 1780/610/592
f 782/615/597 1781/606/588 770/609/591 164/616/598
f 149/588/572 741/581/565 1781/606/588 782/615/597
f 741/581/565 148/580/564 783/607/589 1781/606/588
f 780/611/593 1782/602/584 777/605/587 171/612/594
f 156/584/568 748/577/561 1782/602/584 780/611/593
f 748/577/561 155/576/560 781/603/585 1782/602/584
f 1426/601/583 765/2039/1904 158/2036/1903
f 1426/601/583 1424/600/498 765/2039/1904
f 1424/600/498 143/2040/1905 765/2039/1904
f 754/547/531 1425/2041/608 144/548/532
f 754/547/531 1423/598/582 1425/2041/608
f 1423/598/582 1/2042/1861 1425/2041/608
f 752/543/527 1783/594/578 743/597/581 151/544/528
f 136/517/501 714/509/495 1783/594/578 752/543/527
f 714/509/495 135/508/494 764/595/579 1783/594/578
f 765/2039/1904 1784/590/574 750/593/577 158/2036/1903
f 143/2040/1905 721/505/491 1784/590/574 765/2039/1904
f 721/505/491 142/504/490 763/591/575 1784/590/574
f 764/595/579 1785/586/570 742/589/573 150/596/580
f 135/508/494 713/501/487 1785/586/570 764/595/579
f 713/501/487 134/500/486 762/587/571 1785/586/570
f 763/591/575 1786/582/566 749/585/569 157/592/576
f 142/504/490 720/497/483 1786/582/566 763/591/575
f 720/497/483 141/496/482 761/583/567 1786/582/566
f 762/587/571 1787/578/562 741/581/565 149/588/572
f 134/500/486 712/493/479 1787/578/562 762/587/571
f 712/493/479 133/492/478 760/579/563 1787/578/562
f 761/583/567 1788/574/558 748/577/561 156/584/568
f 141/496/482 719/489/475 1788/574/558 761/583/567
f 719/489/475 140/488/474 759/575/559 1788/574/558
f 760/579/563 1789/570/554 740/573/557 148/580/564
f 133/492/478 711/485/471 1789/570/554 760/579/563
f 711/485/471 132/484/470 758/571/555 1789/570/554
f 759/575/559 1790/566/550 747/569/553 155/576/560
f 140/488/474 718/541/525 1790/566/550 759/575/559
f 718/541/525 139/540/524 757/567/551 1790/566/550
f 758/571/555 1791/562/546 739/565/549 147/572/556
f 132/484/470 710/537/521 1791/562/546 758/571/555
f 710/537/521 131/536/520 756/563/547 1791/562/546
f 757/567/551 1792/558/542 746/561/545 154/568/552
f 139/540/524 717/533/517 1792/558/542 757/567/551
f 717/533/517 138/532/516 755/559/543 1792/558/542
f 756/563/547 1793/554/538 738/557/541 146/564/548
f 131/536/520 709/529/513 1793/554/538 756/563/547
f 709/529/513 130/528/512 753/555/539 1793/554/538
f 755/559/543 1794/550/534 745/553/537 153/560/544
f 138/532/516 716/525/509 1794/550/534 755/559/543
f 716/525/509 137/524/508 751/551/535 1794/550/534
f 753/555/539 1795/546/530 737/549/533 145/556/540
f 130/528/512 708/521/505 1795/546/530 753/555/539
f 708/521/505 129/520/504 754/547/531 1795/546/530
f 751/551/535 1796/542/526 744/545/529 152/552/536
f 137/524/508 715/518/502 1796/542/526 751/551/535
f 715/518/502 136/517/501 752/543/527 1796/542/526
f 725/487/473 1797/538/522 718/541/525 140/488/474
f 125/460/446 689/453/439 1797/538/522 725/487/473
f 689/453/439 124/452/438 736/539/523 1797/538/522
f 723/483/469 1798/534/518 710/537/521 132/484/470
f 117/456/442 681/449/435 1798/534/518 723/483/469
f 681/449/435 116/448/434 735/535/519 1798/534/518
f 736/539/523 1799/530/514 717/533/517 139/540/524
f 124/452/438 688/445/431 1799/530/514 736/539/523
f 688/445/431 123/444/430 734/531/515 1799/530/514
f 735/535/519 1800/526/510 709/529/513 131/536/520
f 116/448/434 680/441/427 1800/526/510 735/535/519
f 680/441/427 115/440/426 733/527/511 1800/526/510
f 734/531/515 1801/522/506 716/525/509 138/532/516
f 123/444/430 687/437/423 1801/522/506 734/531/515
f 687/437/423 122/436/422 732/523/507 1801/522/506
f 733/527/511 1802/519/503 708/521/505 130/528/512
f 115/440/426 679/433/419 1802/519/503 733/527/511
f 679/433/419 114/432/418 731/511/497 1802/519/503
f 732/523/507 1803/515/499 715/518/502 137/524/508
f 122/436/422 686/430/416 1803/515/499 732/523/507
f 686/430/416 121/429/415 730/516/500 1803/515/499
f 1424/514/498 729/2043/1906 143/2040/1905
f 1424/514/498 1422/513/412 729/2043/1906
f 1422/513/412 128/2044/1907 729/2043/1906
f 731/511/497 1423/2045/582 129/520/504
f 731/511/497 1421/510/496 1423/2045/582
f 1421/510/496 1/2046/1861 1423/2045/582
f 730/516/500 1804/506/492 714/509/495 136/517/501
f 121/429/415 685/481/467 1804/506/492 730/516/500
f 685/481/467 120/480/466 728/507/493 1804/506/492
f 729/2043/1906 1805/502/488 721/505/491 143/2040/1905
f 128/2044/1907 692/477/463 1805/502/488 729/2043/1906
f 692/477/463 127/476/462 727/503/489 1805/502/488
f 728/507/493 1806/498/484 713/501/487 135/508/494
f 120/480/466 684/473/459 1806/498/484 728/507/493
f 684/473/459 119/472/458 726/499/485 1806/498/484
f 727/503/489 1807/494/480 720/497/483 142/504/490
f 127/476/462 691/469/455 1807/494/480 727/503/489
f 691/469/455 126/468/454 724/495/481 1807/494/480
f 726/499/485 1808/490/476 712/493/479 134/500/486
f 119/472/458 683/465/451 1808/490/476 726/499/485
f 683/465/451 118/464/450 722/491/477 1808/490/476
f 724/495/481 1809/486/472 719/489/475 141/496/482
f 126/468/454 690/461/447 1809/486/472 724/495/481
f 690/461/447 125/460/446 725/487/473 1809/486/472
f 722/491/477 1810/482/468 711/485/471 133/492/478
f 118/464/450 682/457/443 1810/482/468 722/491/477
f 682/457/443 117/456/442 723/483/469 1810/482/468
f 696/428/414 1811/478/464 685/481/467 121/429/415
f 106/401/389 656/393/383 1811/478/464 696/428/414
f 656/393/383 105/392/382 707/479/465 1811/478/464
f 694/2047/1908 1812/474/460 692/477/463 128/2044/1907
f 113/2048/1909 663/389/379 1812/474/460 694/2047/1908
f 663/389/379 112/388/378 706/475/461 1812/474/460
f 707/479/465 1813/470/456 684/473/459 120/480/466
f 105/392/382 655/385/375 1813/470/456 707/479/465
f 655/385/375 104/384/374 705/471/457 1813/470/456
f 706/475/461 1814/466/452 691/469/455 127/476/462
f 112/388/378 662/381/371 1814/466/452 706/475/461
f 662/381/371 111/380/370 704/467/453 1814/466/452
f 705/471/457 1815/462/448 683/465/451 119/472/458
f 104/384/374 654/377/367 1815/462/448 705/471/457
f 654/377/367 103/376/366 703/463/449 1815/462/448
f 704/467/453 1816/458/444 690/461/447 126/468/454
f 111/380/370 661/373/363 1816/458/444 704/467/453
f 661/373/363 110/372/362 702/459/445 1816/458/444
f 703/463/449 1817/454/440 682/457/443 118/464/450
f 103/376/366 653/369/359 1817/454/440 703/463/449
f 653/369/359 102/368/358 701/455/441 1817/454/440
f 702/459/445 1818/450/436 689/453/439 125/460/446
f 110/372/362 660/365/355 1818/450/436 702/459/445
f 660/365/355 109/364/354 700/451/437 1818/450/436
f 701/455/441 1819/446/432 681/449/435 117/456/442
f 102/368/358 652/421/409 1819/446/432 701/455/441
f 652/421/409 101/420/408 699/447/433 1819/446/432
f 700/451/437 1820/442/428 688/445/431 124/452/438
f 109/364/354 659/417/405 1820/442/428 700/451/437
f 659/417/405 108/416/404 698/443/429 1820/442/428
f 699/447/433 1821/438/424 680/441/427 116/448/434
f 101/420/408 651/413/401 1821/438/424 699/447/433
f 651/413/401 100/412/400 697/439/425 1821/438/424
f 698/443/429 1822/434/420 687/437/423 123/444/430
f 108/416/404 658/409/397 1822/434/420 698/443/429
f 658/409/397 107/408/396 695/435/421 1822/434/420
f 697/439/425 1823/431/417 679/433/419 115/440/426
f 100/412/400 650/405/393 1823/431/417 697/439/425
f 650/405/393 99/404/392 693/423/411 1823/431/417
f 695/435/421 1824/427/413 686/430/416 122/436/422
f 107/408/396 657/402/390 1824/427/413 695/435/421
f 657/402/390 106/401/389 696/428/414 1824/427/413
f 1422/426/412 694/2047/1908 128/2044/1907
f 1422/426/412 1420/425/386 694/2047/1908
f 1420/425/386 113/2048/1909 694/2047/1908
f 693/423/411 1421/2049/496 114/432/418
f 693/423/411 1419/422/410 1421/2049/496
f 1419/422/410 1/2050/1861 1421/2049/496
f 667/367/357 1825/418/406 652/421/409 102/368/358
f 87/340/330 623/333/323 1825/418/406 667/367/357
f 623/333/323 86/332/322 678/419/407 1825/418/406
f 665/363/353 1826/414/402 659/417/405 109/364/354
f 94/336/326 630/329/319 1826/414/402 665/363/353
f 630/329/319 93/328/318 677/415/403 1826/414/402
f 678/419/407 1827/410/398 651/413/401 101/420/408
f 86/332/322 622/325/315 1827/410/398 678/419/407
f 622/325/315 85/324/314 676/411/399 1827/410/398
f 677/415/403 1828/406/394 658/409/397 108/416/404
f 93/328/318 629/321/311 1828/406/394 677/415/403
f 629/321/311 92/320/310 675/407/395 1828/406/394
f 676/411/399 1829/403/391 650/405/393 100/412/400
f 85/324/314 621/317/307 1829/403/391 676/411/399
f 621/317/307 84/316/306 674/395/385 1829/403/391
f 675/407/395 1830/399/387 657/402/390 107/408/396
f 92/320/310 628/314/304 1830/399/387 675/407/395
f 628/314/304 91/313/303 673/400/388 1830/399/387
f 1420/398/386 672/2051/1910 113/2048/1909
f 1420/398/386 1418/397/300 672/2051/1910
f 1418/397/300 98/2052/1911 672/2051/1910
f 674/395/385 1419/2053/410 99/404/392
f 674/395/385 1417/394/384 1419/2053/410
f 1417/394/384 1/2054/1861 1419/2053/410
f 673/400/388 1831/390/380 656/393/383 106/401/389
f 91/313/303 627/305/297 1831/390/380 673/400/388
f 627/305/297 90/304/296 671/391/381 1831/390/380
f 672/2051/1910 1832/386/376 663/389/379 113/2048/1909
f 98/2052/1911 634/361/351 1832/386/376 672/2051/1910
f 634/361/351 97/360/350 670/387/377 1832/386/376
f 671/391/381 1833/382/372 655/385/375 105/392/382
f 90/304/296 626/357/347 1833/382/372 671/391/381
f 626/357/347 89/356/346 669/383/373 1833/382/372
f 670/387/377 1834/378/368 662/381/371 112/388/378
f 97/360/350 633/353/343 1834/378/368 670/387/377
f 633/353/343 96/352/342 668/379/369 1834/378/368
f 669/383/373 1835/374/364 654/377/367 104/384/374
f 89/356/346 625/349/339 1835/374/364 669/383/373
f 625/349/339 88/348/338 666/375/365 1835/374/364
f 668/379/369 1836/370/360 661/373/363 111/380/370
f 96/352/342 632/345/335 1836/370/360 668/379/369
f 632/345/335 95/344/334 664/371/361 1836/370/360
f 666/375/365 1837/366/356 653/369/359 103/376/366
f 88/348/338 624/341/331 1837/366/356 666/375/365
f 624/341/331 87/340/330 667/367/357 1837/366/356
f 664/371/361 1838/362/352 660/365/355 110/372/362
f 95/344/334 631/337/327 1838/362/352 664/371/361
f 631/337/327 94/336/326 665/363/353 1838/362/352
f 638/2055/1912 1839/358/348 634/361/351 98/2052/1911
f 83/2056/1913 605/273/267 1839/358/348 638/2055/1912
f 605/273/267 82/272/266 649/359/349 1839/358/348
f 636/303/295 1840/354/344 626/357/347 90/304/296
f 75/276/270 597/269/263 1840/354/344 636/303/295
f 597/269/263 74/268/262 648/355/345 1840/354/344
f 649/359/349 1841/350/340 633/353/343 97/360/350
f 82/272/266 604/265/259 1841/350/340 649/359/349
f 604/265/259 81/264/258 647/351/341 1841/350/340
f 648/355/345 1842/346/336 625/349/339 89/356/346
f 74/268/262 596/261/255 1842/346/336 648/355/345
f 596/261/255 73/260/254 646/347/337 1842/346/336
f 647/351/341 1843/342/332 632/345/335 96/352/342
f 81/264/258 603/257/251 1843/342/332 647/351/341
f 603/257/251 80/256/250 645/343/333 1843/342/332
f 646/347/337 1844/338/328 624/341/331 88/348/338
f 73/260/254 595/253/247 1844/338/328 646/347/337
f 595/253/247 72/252/246 644/339/329 1844/338/328
f 645/343/333 1845/334/324 631/337/327 95/344/334
f 80/256/250 602/249/243 1845/334/324 645/343/333
f 602/249/243 79/248/242 643/335/325 1845/334/324
f 644/339/329 1846/330/320 623/333/323 87/340/330
f 72/252/246 594/245/239 1846/330/320 644/339/329
f 594/245/239 71/244/238 642/331/321 1846/330/320
f 643/335/325 1847/326/316 630/329/319 94/336/326
f 79/248/242 601/301/293 1847/326/316 643/335/325
f 601/301/293 78/300/292 641/327/317 1847/326/316
f 642/331/321 1848/322/312 622/325/315 86/332/322
f 71/244/238 593/297/289 1848/322/312 642/331/321
f 593/297/289 70/296/288 640/323/313 1848/322/312
f 641/327/317 1849/318/308 629/321/311 93/328/318
f 78/300/292 600/293/285 1849/318/308 641/327/317
f 600/293/285 77/292/284 639/319/309 1849/318/308
f 640/323/313 1850/315/305 621/317/307 85/324/314
f 70/296/288 592/289/281 1850/315/305 640/323/313
f 592/289/281 69/288/280 637/307/299 1850/315/305
f 639/319/309 1851/311/301 628/314/304 92/320/310
f 77/292/284 599/286/278 1851/311/301 639/319/309
f 599/286/278 76/285/277 635/312/302 1851/311/301
f 1418/310/300 638/2055/1912 98/2052/1911
f 1418/310/300 1416/309/274 638/2055/1912
f 1416/309/274 83/2056/1913 638/2055/1912
f 637/307/299 1417/2057/384 84/316/306
f 637/307/299 1415/306/298 1417/2057/384
f 1415/306/298 1/2058/1861 1417/2057/384
f 635/312/302 1852/302/294 627/305/297 91/313/303
f 76/285/277 598/277/271 1852/302/294 635/312/302
f 598/277/271 75/276/270 636/303/295 1852/302/294
f 609/247/241 1853/298/290 601/301/293 79/248/242
f 64/220/214 572/213/207 1853/298/290 609/247/241
f 572/213/207 63/212/206 620/299/291 1853/298/290
f 607/243/237 1854/294/286 593/297/289 71/244/238
f 56/216/210 564/209/203 1854/294/286 607/243/237
f 564/209/203 55/208/202 619/295/287 1854/294/286
f 620/299/291 1855/290/282 600/293/285 78/300/292
f 63/212/206 571/205/199 1855/290/282 620/299/291
f 571/205/199 62/204/198 618/291/283 1855/290/282
f 619/295/287 1856/287/279 592/289/281 70/296/288
f 55/208/202 563/201/195 1856/287/279 619/295/287
f 563/201/195 54/200/194 617/279/273 1856/287/279
f 618/291/283 1857/283/275 599/286/278 77/292/284
f 62/204/198 570/198/192 1857/283/275 618/291/283
f 570/198/192 61/197/191 616/284/276 1857/283/275
f 1416/282/274 615/2059/1914 83/2056/1913
f 1416/282/274 1414/281/188 615/2059/1914
f 1414/281/188 68/2060/1915 615/2059/1914
f 617/279/273 1415/2061/298 69/288/280
f 617/279/273 1413/278/272 1415/2061/298
f 1413/278/272 1/2062/1861 1415/2061/298
f 616/284/276 1858/274/268 598/277/271 76/285/277
f 61/197/191 569/189/185 1858/274/268 616/284/276
f 569/189/185 60/188/184 614/275/269 1858/274/268
f 615/2059/1914 1859/270/264 605/273/267 83/2056/1913
f 68/2060/1915 576/185/181 1859/270/264 615/2059/1914
f 576/185/181 67/184/180 613/271/265 1859/270/264
f 614/275/269 1860/266/260 597/269/263 75/276/270
f 60/188/184 568/241/235 1860/266/260 614/275/269
f 568/241/235 59/240/234 612/267/261 1860/266/260
f 613/271/265 1861/262/256 604/265/259 82/272/266
f 67/184/180 575/237/231 1861/262/256 613/271/265
f 575/237/231 66/236/230 611/263/257 1861/262/256
f 612/267/261 1862/258/252 596/261/255 74/268/262
f 59/240/234 567/233/227 1862/258/252 612/267/261
f 567/233/227 58/232/226 610/259/253 1862/258/252
f 611/263/257 1863/254/248 603/257/251 81/264/258
f 66/236/230 574/229/223 1863/254/248 611/263/257
f 574/229/223 65/228/222 608/255/249 1863/254/248
f 610/259/253 1864/250/244 595/253/247 73/260/254
f 58/232/226 566/225/219 1864/250/244 610/259/253
f 566/225/219 57/224/218 606/251/245 1864/250/244
f 608/255/249 1865/246/240 602/249/243 80/256/250
f 65/228/222 573/221/215 1865/246/240 608/255/249
f 573/221/215 64/220/214 609/247/241 1865/246/240
f 606/251/245 1866/242/236 594/245/239 72/252/246
f 57/224/218 565/217/211 1866/242/236 606/251/245
f 565/217/211 56/216/210 607/243/237 1866/242/236
f 580/187/183 1867/238/232 568/241/235 60/188/184
f 45/160/158 539/153/151 1867/238/232 580/187/183
f 539/153/151 44/152/150 591/239/233 1867/238/232
f 578/183/179 1868/234/228 575/237/231 67/184/180
f 52/156/154 546/149/147 1868/234/228 578/183/179
f 546/149/147 51/148/146 590/235/229 1868/234/228
f 591/239/233 1869/230/224 567/233/227 59/240/234
f 44/152/150 538/145/143 1869/230/224 591/239/233
f 538/145/143 43/144/142 589/231/225 1869/230/224
f 590/235/229 1870/226/220 574/229/223 66/236/230
f 51/148/146 545/141/139 1870/226/220 590/235/229
f 545/141/139 50/140/138 588/227/221 1870/226/220
f 589/231/225 1871/222/216 566/225/219 58/232/226
f 43/144/142 537/137/135 1871/222/216 589/231/225
f 537/137/135 42/136/134 587/223/217 1871/222/216
f 588/227/221 1872/218/212 573/221/215 65/228/222
f 50/140/138 544/133/131 1872/218/212 588/227/221
f 544/133/131 49/132/130 586/219/213 1872/218/212
f 587/223/217 1873/214/208 565/217/211 57/224/218
f 42/136/134 536/129/127 1873/214/208 587/223/217
f 536/129/127 41/128/126 585/215/209 1873/214/208
f 586/219/213 1874/210/204 572/213/207 64/220/214
f 49/132/130 543/125/123 1874/210/204 586/219/213
f 543/125/123 48/124/122 584/211/205 1874/210/204
f 585/215/209 1875/206/200 564/209/203 56/216/210
f 41/128/126 535/181/177 1875/206/200 585/215/209
f 535/181/177 40/180/176 583/207/201 1875/206/200
f 584/211/205 1876/202/196 571/205/199 63/212/206
f 48/124/122 542/177/173 1876/202/196 584/211/205
f 542/177/173 47/176/172 582/203/197 1876/202/196
f 583/207/201 1877/199/193 563/201/195 55/208/202
f 40/180/176 534/173/169 1877/199/193 583/207/201
f 534/173/169 39/172/168 581/191/187 1877/199/193
f 582/203/197 1878/195/189 570/198/192 62/204/198
f 47/176/172 541/170/166 1878/195/189 582/203/197
f 541/170/166 46/169/165 579/196/190 1878/195/189
f 1414/194/188 577/2063/1916 68/2060/1915
f 1414/194/188 1412/193/162 577/2063/1916
f 1412/193/162 53/2064/1917 577/2063/1916
f 581/191/187 1413/2065/272 54/200/194
f 581/191/187 1411/190/186 1413/2065/272
f 1411/190/186 1/2066/1861 1413/2065/272
f 579/196/190 1879/186/182 569/189/185 61/197/191
f 46/169/165 540/161/159 1879/186/182 579/196/190
f 540/161/159 45/160/158 580/187/183 1879/186/182
f 577/2063/1916 1880/182/178 576/185/181 68/2060/1915
f 53/2064/1917 547/157/155 1880/182/178 577/2063/1916
f 547/157/155 52/156/154 578/183/179 1880/182/178
f 551/127/125 1881/178/174 535/181/177 41/128/126
f 26/104/102 506/97/95 1881/178/174 551/127/125
f 506/97/95 25/96/94 562/179/175 1881/178/174
f 549/123/121 1882/174/170 542/177/173 48/124/122
f 33/100/98 513/93/91 1882/174/170 549/123/121
f 513/93/91 32/92/90 561/175/171 1882/174/170
f 562/179/175 1883/171/167 534/173/169 40/180/176
f 25/96/94 505/89/87 1883/171/167 562/179/175
f 505/89/87 24/88/86 560/163/161 1883/171/167
f 561/175/171 1884/167/163 541/170/166 47/176/172
f 32/92/90 512/86/84 1884/167/163 561/175/171
f 512/86/84 31/85/83 559/168/164 1884/167/163
f 1412/166/162 558/2067/1918 53/2064/1917
f 1412/166/162 1410/165/80 558/2067/1918
f 1410/165/80 38/2068/1919 558/2067/1918
f 560/163/161 1411/2069/186 39/172/168
f 560/163/161 1409/162/160 1411/2069/186
f 1409/162/160 1/2070/1861 1411/2069/186
f 559/168/164 1885/158/156 540/161/159 46/169/165
f 31/85/83 511/77/77 1885/158/156 559/168/164
f 511/77/77 30/76/76 557/159/157 1885/158/156
f 558/2067/1918 1886/154/152 547/157/155 53/2064/1917
f 38/2068/1919 518/73/73 1886/154/152 558/2067/1918
f 518/73/73 37/72/72 556/155/153 1886/154/152
f 557/159/157 1887/150/148 539/153/151 45/160/158
f 30/76/76 510/69/69 1887/150/148 557/159/157
f 510/69/69 29/68/68 555/151/149 1887/150/148
f 556/155/153 1888/146/144 546/149/147 52/156/154
f 37/72/72 517/65/65 1888/146/144 556/155/153
f 517/65/65 36/64/64 554/147/145 1888/146/144
f 555/151/149 1889/142/140 538/145/143 44/152/150
f 29/68/68 509/121/119 1889/142/140 555/151/149
f 509/121/119 28/120/118 553/143/141 1889/142/140
f 554/147/145 1890/138/136 545/141/139 51/148/146
f 36/64/64 516/117/115 1890/138/136 554/147/145
f 516/117/115 35/116/114 552/139/137 1890/138/136
f 553/143/141 1891/134/132 537/137/135 43/144/142
f 28/120/118 508/113/111 1891/134/132 553/143/141
f 508/113/111 27/112/110 550/135/133 1891/134/132
f 552/139/137 1892/130/128 544/133/131 50/140/138
f 35/116/114 515/109/107 1892/130/128 552/139/137
f 515/109/107 34/108/106 548/131/129 1892/130/128
f 550/135/133 1893/126/124 536/129/127 42/136/134
f 27/112/110 507/105/103 1893/126/124 550/135/133
f 507/105/103 26/104/102 551/127/125 1893/126/124
f 548/131/129 1894/122/120 543/125/123 49/132/130
f 34/108/106 514/101/99 1894/122/120 548/131/129
f 514/101/99 33/100/98 549/123/121 1894/122/120
f 522/67/67 1895/118/116 509/121/119 29/68/68
f 14/56/56 489/49/49 1895/118/116 522/67/67
f 489/49/49 13/48/48 533/119/117 1895/118/116
f 520/63/63 1896/114/112 516/117/115 36/64/64
f 21/52/52 496/45/45 1896/114/112 520/63/63
f 496/45/45 20/44/44 532/115/113 1896/114/112
f 533/119/117 1897/110/108 508/113/111 28/120/118
f 13/48/48 488/41/41 1897/110/108 533/119/117
f 488/41/41 12/40/40 531/111/109 1897/110/108
f 532/115/113 1898/106/104 515/109/107 35/116/114
f 20/44/44 495/37/37 1898/106/104 532/115/113
f 495/37/37 19/36/36 530/107/105 1898/106/104
f 531/111/109 1899/102/100 507/105/103 27/112/110
f 12/40/40 487/33/33 1899/102/100 531/111/109
f 487/33/33 11/32/32 529/103/101 1899/102/100
f 530/107/105 1900/98/96 514/101/99 34/108/106
f 19/36/36 494/29/29 1900/98/96 530/107/105
f 494/29/29 18/28/28 528/99/97 1900/98/96
f 529/103/101 1901/94/92 506/97/95 26/104/102
f 11/32/32 486/25/25 1901/94/92 529/103/101
f 486/25/25 10/24/24 527/95/93 1901/94/92
f 528/99/97 1902/90/88 513/93/91 33/100/98
f 18/28/28 493/21/21 1902/90/88 528/99/97
f 493/21/21 17/20/20 526/91/89 1902/90/88
f 527/95/93 1903/87/85 505/89/87 25/96/94
f 10/24/24 485/17/17 1903/87/85 527/95/93
f 485/17/17 9/16/16 525/79/79 1903/87/85
f 526/91/89 1904/83/81 512/86/84 32/92/90
f 17/20/20 492/14/14 1904/83/81 526/91/89
f 492/14/14 16/13/13 524/84/82 1904/83/81
f 1410/82/80 523/2071/1920 38/2068/1919
f 1410/82/80 1399/81/10 523/2071/1920
f 1399/81/10 23/2072/1921 523/2071/1920
f 525/79/79 1409/2073/160 24/88/86
f 525/79/79 1398/78/78 1409/2073/160
f 1398/78/78 1/2074/1861 1409/2073/160
f 524/84/82 1905/74/74 511/77/77 31/85/83
f 16/13/13 491/4/4 1905/74/74 524/84/82
f 491/4/4 15/3/3 521/75/75 1905/74/74
f 523/2071/1920 1906/70/70 518/73/73 38/2068/1919
f 23/2072/1921 498/61/61 1906/70/70 523/2071/1920
f 498/61/61 22/60/60 519/71/71 1906/70/70
f 521/75/75 1907/66/66 510/69/69 30/76/76
f 15/3/3 490/57/57 1907/66/66 521/75/75
f 490/57/57 14/56/56 522/67/67 1907/66/66
f 519/71/71 1908/62/62 517/65/65 37/72/72
f 22/60/60 497/53/53 1908/62/62 519/71/71
f 497/53/53 21/52/52 520/63/63 1908/62/62
f 1401/2075/1922 1909/58/58 498/61/61 23/2072/1921
f 482/1923/1859 1378/1917/1853 1909/58/58 1401/2075/1922
f 1378/1917/1853 481/1916/1852 1408/59/59 1909/58/58
f 500/2/2 1910/54/54 490/57/57 15/3/3
f 4/1920/1856 1393/1913/1849 1910/54/54 500/2/2
f 1393/1913/1849 477/1912/1848 1407/55/55 1910/54/54
f 1408/59/59 1911/50/50 497/53/53 22/60/60
f 481/1916/1852 1377/1909/1845 1911/50/50 1408/59/59
f 1377/1909/1845 480/1908/1844 1406/51/51 1911/50/50
f 1407/55/55 1912/46/46 489/49/49 14/56/56
f 477/1912/1848 1392/1905/1841 1912/46/46 1407/55/55
f 1392/1905/1841 3/1904/1840 504/47/47 1912/46/46
f 1406/51/51 1913/42/42 496/45/45 21/52/52
f 480/1908/1844 1376/1901/1837 1913/42/42 1406/51/51
f 1376/1901/1837 479/1900/1836 1405/43/43 1913/42/42
f 504/47/47 1914/38/38 488/41/41 13/48/48
f 3/1904/1840 1391/1897/1833 1914/38/38 504/47/47
f 1391/1897/1833 476/1896/1832 1404/39/39 1914/38/38
f 1405/43/43 1915/34/34 495/37/37 20/44/44
f 479/1900/1836 1396/1893/1829 1915/34/34 1405/43/43
f 1396/1893/1829 7/1892/1828 503/35/35 1915/34/34
f 1404/39/39 1916/30/30 487/33/33 12/40/40
f 476/1896/1832 1390/1889/1825 1916/30/30 1404/39/39
f 1390/1889/1825 2/1888/1824 502/31/31 1916/30/30
f 503/35/35 1917/26/26 494/29/29 19/36/36
f 7/1892/1828 1395/1885/1821 1917/26/26 503/35/35
f 1395/1885/1821 478/1884/1820 1403/27/27 1917/26/26
f 502/31/31 1918/22/22 486/25/25 11/32/32
f 2/1888/1824 1389/1881/1817 1918/22/22 502/31/31
f 1389/1881/1817 475/1880/1816 1402/23/23 1918/22/22
f 1403/27/27 1919/18/18 493/21/21 18/28/28
f 478/1884/1820 1394/1877/1813 1919/18/18 1403/27/27
f 1394/1877/1813 6/1876/1812 501/19/19 1919/18/18
f 1402/23/23 1920/15/15 485/17/17 10/24/24
f 475/1880/1816 1375/1873/1809 1920/15/15 1402/23/23
f 1375/1873/1809 474/5/5 1400/7/7 1920/15/15
f 501/19/19 1921/11/11 492/14/14 17/20/20
f 6/1876/1812 484/1871/1807 1921/11/11 501/19/19
f 484/1871/1807 5/1870/1806 499/12/12 1921/11/11
f 1399/10/10 1401/2075/1922 23/2072/1921
f 1399/10/10 1397/9/9 1401/2075/1922
f 1397/9/9 482/1923/1859 1401/2075/1922
f 1400/7/7 1398/2076/78 9/16/16
f 1400/7/7 1388/6/6 1398/2076/78
f 1388/6/6 1/2077/1861 1398/2076/78
f 499/12/12 1922/1/1 491/4/4 16/13/13
f 5/1870/1806 483/1921/1857 1922/1/1 499/12/12
f 483/1921/1857 4/1920/1856 500/2/2 1922/1/1
s 0
usemtl stock_image___saturn_rings_by_alpha_element_d6ifske-fullview
f 1923/2078/1923 1924/2079/1923 1926/2080/1923 1925/2081/1923
f 1927/2078/1923 1928/2079/1923 1930/2080/1923 1929/2081/1923
f 1931/2078/1923 1932/2079/1923 1934/2080/1923 1933/2081/1923
